sender,recipient,amount0,amount1,sqrtPriceX96,liquidity,tick,event,logIndex,transactionIndex,transactionHash,address,blockHash,blockNumber
0xE592427A0AEce92De3Edee1F18E0157C05861564,0xdB6f1920A889355780aF7570773609Bd8Cb1f498,-56735241,31354582239037435,1862215934898341392215553758232477,8273208007627737,201308,Swap,265,53,0x4593284e70a45f963ed9c6b8f499eff8176a83a55be18dc3aa5cf9394e4259bb,0xA4D8c89f0c20efbe54cBa9e7e7a7E509056228D9,0xf2748209192c534e8ff33033bde0372e0497c9264729105de8ef2d25e0c9ce4b,49400123
0xE592427A0AEce92De3Edee1F18E0157C05861564,0x1c4C4EE5E104939Cb48A9a978be77aA8bAfaAE92,-91014854,50320240052082024,1862697584430524186404068637715784,8273208007627737,201314,Swap,75,17,0x614b39ab71303c60eab1a1903a463b6f1e9c3f26a8cac8533ab3ef39de348c97,0xA4D8c89f0c20efbe54cBa9e7e7a7E509056228D9,0xff72924a26758bcc49a1ae4cd85f45c7dddc532da9e2c68c7372868b822ed469,49401065
0xf081470f5C6FBCCF48cC4e5B82Dd926409DcdD67,0xf081470f5C6FBCCF48cC4e5B82Dd926409DcdD67,-13018144,7199591882689938,1862766496662632291663925833708448,8273208007627737,201314,Swap,172,37,0xb8fa652141ecec1b2e81c3706a14bdd848ce5f9248adf0b631666e2898a1d62d,0xA4D8c89f0c20efbe54cBa9e7e7a7E509056228D9,0xff19bafc78296143195433e3a20dc34f0b966dd19d092baaf697f81465df9637,49401271
0xE592427A0AEce92De3Edee1F18E0157C05861564,0xC6d5Ad3C4002A1b48d87b83939698660516ae142,-90392731,50005751274117440,1863245136007013386108846401593316,8273208007627737,201320,Swap,143,18,0x4d99275803e7654ea234f697ee2c99b0dd7bf8d18a863a608d81a65a0480006f,0xA4D8c89f0c20efbe54cBa9e7e7a7E509056228D9,0x8a256f7dfa662548d3b39f8822cf2af90e32e63d78986aa8f3bcdb1597b38885,49401283
0xa2b23d291Aa8fd091FEbF928888C760D432C919F,0x92066f4DEefa0a98d0FE2CdcCF8b42506d845613,-3855293,2133340808632160,1863265555675150911797454475591587,8273208007627737,201320,Swap,441,127,0xfc1539140f535af2eac226eebc71092ea649a9b4ff2d60ddde91df4b679f9bd2,0xA4D8c89f0c20efbe54cBa9e7e7a7E509056228D9,0xcecba75d3374b0d5e1746a41210cfafefbd57ad82764234e264cf66d6a7d8fb2,49401497
0xE592427A0AEce92De3Edee1F18E0157C05861564,0x1c4C4EE5E104939Cb48A9a978be77aA8bAfaAE92,-90342587,50004791204991280,1863744185830051888509632706848707,8273208007627737,201325,Swap,59,12,0x9dbc92dedadd4206b9361d1966221055d5eee25347f04834f3e710473aae53c0,0xA4D8c89f0c20efbe54cBa9e7e7a7E509056228D9,0x770ef6fd2d4da02dc767c4887d2a6e04bde2f9563cd01848abcd2d9a26821a6e,49401531
0xE592427A0AEce92De3Edee1F18E0157C05861564,0x1c4C4EE5E104939Cb48A9a978be77aA8bAfaAE92,-105322075,58328408023591304,1864302487030691083282872404576194,8273208007627737,201331,Swap,21,6,0xb1878eff2f7d04e191f9db38ed217a42bc1fc23d273759b25ebc9085d6701574,0xA4D8c89f0c20efbe54cBa9e7e7a7E509056228D9,0x82c64d8bcf19a3120a8d16400112b56b83ac248f1b9657e69029a696f4f84ec9,49401672
0xf081470f5C6FBCCF48cC4e5B82Dd926409DcdD67,0xf081470f5C6FBCCF48cC4e5B82Dd926409DcdD67,-59637345,33043251071448048,1864618766651056349470210801628186,8273208007627737,201334,Swap,100,14,0x3fccca376165db48083f9d80da2f6fe0dad316fdaa68b554f753cc0ea91dacd3,0xA4D8c89f0c20efbe54cBa9e7e7a7E509056228D9,0xa42d17d60d6ce6d011a46ee418e1b3c42c9def4383ee253a162240a083d910ab,49401677
0xE37e799D5077682FA0a244D46E5649F71457BD09,0x1111111254EEB25477B68fb85Ed929f73A960582,-72676040,40282757261739347,1865004340550744990522792825514096,8273208007627737,201338,Swap,246,156,0x4249a3f4206a0a9b5d9ad97aae2c0dd4be17829c0e208c2a3b28c47ccb15f9fa,0xA4D8c89f0c20efbe54cBa9e7e7a7E509056228D9,0x30db4d1cd6d969c1d86ec871d9f9042322ad46c4d80ed0483a2042acc87a6302,49401810
0x6d8e9Bd8f845F51a224E216B6Dd25D5e593D8dD3,0x6d8e9Bd8f845F51a224E216B6Dd25D5e593D8dD3,62248947,-34469775518283180,1864674241636989305620065151096144,8273208007627737,201335,Swap,27,1,0x9f6e8ed583253a1611d9d0d25f961c2cfa5ffa363428b1e8ce3612a585e20e1c,0xA4D8c89f0c20efbe54cBa9e7e7a7E509056228D9,0x84a0062c874be628ad307a85411df4e0731bc7304900801bccb2c80e064738cf,49401892
0xE592427A0AEce92De3Edee1F18E0157C05861564,0x1c4C4EE5E104939Cb48A9a978be77aA8bAfaAE92,-110865202,61460519427491080,1865262522424189918309367649030587,8273208007627737,201341,Swap,117,9,0x132ec1ce175ac48741689c3b90092ac476c279ba62002325f337174ca1dae8f8,0xA4D8c89f0c20efbe54cBa9e7e7a7E509056228D9,0x4ead99f07661ee35b7839f396f33a83a8b45bccd08a579e099e32d6db016624e,49402380
0xE592427A0AEce92De3Edee1F18E0157C05861564,0xC6d5Ad3C4002A1b48d87b83939698660516ae142,-90150657,50005559246038504,1865741159930538557225813970531055,8273208007627737,201346,Swap,23,5,0xaa056e45355dfb25a34120ec5a79b43f907d223e5a53a47a5aa59906f94d0da3,0xA4D8c89f0c20efbe54cBa9e7e7a7E509056228D9,0x40991b7d5580f1b347e377405c55c9b9f887e6e1b946f12e47bf2dcc92ad285d,49402428
0xE592427A0AEce92De3Edee1F18E0157C05861564,0xDEF171Fe48CF0115B1d80b88dc8eAB59176FEe57,-2451865,1360380892764822,1865754181069148238358081791331709,8273208007627737,201346,Swap,148,24,0x25bb53425b8656960961af106ae7921a77f3692d42a87087237b882038732373,0xA4D8c89f0c20efbe54cBa9e7e7a7E509056228D9,0xe726bedb817bb150a3c662577096768038a47b9617cc32594ac51bb189c2d522,49402454
0xE592427A0AEce92De3Edee1F18E0157C05861564,0xDEF171Fe48CF0115B1d80b88dc8eAB59176FEe57,-10902092,6049092608390845,1865812081083574765309859367465965,8273208007627737,201347,Swap,198,35,0x7a54552b8464d626619770895ac564988d4206671892c9db5ffa53e2691836a6,0xA4D8c89f0c20efbe54cBa9e7e7a7E509056228D9,0x995e9fa1d80a18262f73da1cb5f0d91e1f9fb98fc4bb04a1c37a7c292014f43b,49402498
0xE592427A0AEce92De3Edee1F18E0157C05861564,0xE898563cAf3b8ed945bd23e9F1A5EcA1f395180e,-90098881,50006289726863136,1866290725581856413458828890314373,8273208007627737,201352,Swap,524,34,0x663270632247002ab1fe049f2cbb6356169e5ab1a10e67a8ac9c9e56f14c0ce4,0xA4D8c89f0c20efbe54cBa9e7e7a7E509056228D9,0x775089129e2707f17168abfeb836cc52c989f940d8ab217121cdf468d181394e,49402716
0xf081470f5C6FBCCF48cC4e5B82Dd926409DcdD67,0xf081470f5C6FBCCF48cC4e5B82Dd926409DcdD67,-65517490,36379347395996793,1866638937268371852136130703581428,8273208007627737,201356,Swap,92,5,0x2c2fc3dac8376511804a5185b328b3b7d6d1bc97f2955fb3890f89b23fd8b0d0,0xA4D8c89f0c20efbe54cBa9e7e7a7E509056228D9,0x794a66b40fe7e20546393fa02235a5337a5ab292681be5ac95b7b8066e3efd9b,49402731
0xE37e799D5077682FA0a244D46E5649F71457BD09,0x1111111254fb6c44bAC0beD2854e76F90643097d,-2031350,1128147932452066,1866649735546029830863491997134185,8273208007627737,201356,Swap,925,62,0xd2cd36eea1e64b98f2953c2d74e1b9b0c761fec12796d5b2069f1938d5338003,0xA4D8c89f0c20efbe54cBa9e7e7a7E509056228D9,0x9fc928d424cbabfe0cb10211270c68ab856d59c66d1e050fa28a35f1e1c40e08,49402742
0xE592427A0AEce92De3Edee1F18E0157C05861564,0x004df5de266316D7Aa68a639Ad73D795a631E2e6,-179976583,100005147184477120,1867606953403246351284718099496327,8273208007627737,201366,Swap,75,18,0x4cc52a0cb7e45646b2611f880095ded32151cf5d81a594e1a8dcbc123a28e255,0xA4D8c89f0c20efbe54cBa9e7e7a7E509056228D9,0x4dfeda54cdfa86bb48b170e7d06eea0eddc3df296b860bf7482cbdb6e04293f6,49402931
0xCe9cc1fa6Df298854f77e92042fd2A3e7fb27eFF,0xCe9cc1fa6Df298854f77e92042fd2A3e7fb27eFF,61344965,-34064157332925072,1867280738881552205763385067255156,8273208007627737,201363,Swap,448,88,0x08e89c4424d717aed82bf714cd1a9f7dccebc1151aa05b056849b99a2d9ea884,0xA4D8c89f0c20efbe54cBa9e7e7a7E509056228D9,0xc50dec76885d76989b238f10442a76e96656987a9582c2a822d7873747629aa0,49403165
0xCe9cc1fa6Df298854f77e92042fd2A3e7fb27eFF,0xCe9cc1fa6Df298854f77e92042fd2A3e7fb27eFF,43708288,-24263453070860201,1867048380550747157721698882847879,8273208007627737,201360,Swap,909,61,0x0181612dbc0f064cf38338c4162af91f46c4e030703cac6020c8c2852153a554,0xA4D8c89f0c20efbe54cBa9e7e7a7E509056228D9,0xc96da60806900b48588ee87d080216f38bf78807141adb5dcc038fe505e8ec8e,49403175
0xCe9cc1fa6Df298854f77e92042fd2A3e7fb27eFF,0xCe9cc1fa6Df298854f77e92042fd2A3e7fb27eFF,66252562,-36766775086520664,1866696284480033769605707120961388,8273208007627737,201357,Swap,274,52,0x4df7e6728d49fc8d87a67f38a25b0dfc2df6dc833c278aa441d035c8e600b519,0xA4D8c89f0c20efbe54cBa9e7e7a7E509056228D9,0x6a58d9294f513fd41b99b914d7b89bd8b770ba14a279cfb022ced704e203065a,49403881
0xE592427A0AEce92De3Edee1F18E0157C05861564,0xE898563cAf3b8ed945bd23e9F1A5EcA1f395180e,90174388,-50019886022909671,1866217270335204548245902437874286,8273208007627737,201351,Swap,152,45,0xeb98d5df9f2c4efcd9eb97de94a3cc5179aa31096a29a0c9437cd6069cb01a87,0xA4D8c89f0c20efbe54cBa9e7e7a7E509056228D9,0x9f533c277b550722b12b6bfd4a4be9ed53a4fd16088729afdb5753ad53e2b4f3,49404160
0xE37e799D5077682FA0a244D46E5649F71457BD09,0x1111111254EEB25477B68fb85Ed929f73A960582,-64876275,36020404033152729,1866562046328595013263652208550666,8273208007627737,201355,Swap,1186,55,0x262e20b6b617f90310b9be0a871da6a121080fc90539f64e61c2f2926596bc30,0xA4D8c89f0c20efbe54cBa9e7e7a7E509056228D9,0xc413a94d5d4f306b649db58db7788d8eaf88021ae87a6329b06873b4622ef5e4,49404294
0xE37e799D5077682FA0a244D46E5649F71457BD09,0x9AD5cDC89001A2eB0cc7713c788f843de881d803,25381535,-14079751796991129,1866427211949657116693235197421744,8273208007627737,201354,Swap,153,47,0x86cc2f7189b431ec103f9171dac5b97655ccb9ce214ecdbd6c72dd7a7e42fa7b,0xA4D8c89f0c20efbe54cBa9e7e7a7E509056228D9,0x36827e4ce31e98d2491b9564d3e302526b898a9edf147e0140f9019c54f504b6,49404324
0xE37e799D5077682FA0a244D46E5649F71457BD09,0x1111111254fb6c44bAC0beD2854e76F90643097d,3500000,-1941375143050962,1866408620420809663136228278472170,8273208007627737,201353,Swap,626,111,0x0ba9e19f1eea22b3b073e12965a3ba252dbbf48c1afd673aec32e11068a77430,0xA4D8c89f0c20efbe54cBa9e7e7a7E509056228D9,0x8e66bd3c5ce2842a64a112acc10006b53cd4c2a02ec90c18b837b9ce1f7ac67d,49404350
0xE592427A0AEce92De3Edee1F18E0157C05861564,0x693fB96fdDa3c382fDe7F43a622209c3dD028B98,93392171,-51788358219095370,1865912670547731837696639477133143,8273208007627737,201348,Swap,158,29,0xd93d522b0086526a8e548489a56c0e6a3558328134530d9c8adefc6e5de7d50e,0xA4D8c89f0c20efbe54cBa9e7e7a7E509056228D9,0xab5c68b570e2884909b0ae0ee5205b4a6026726f2f951ecbba5305531a98918e,49404448
0xCe9cc1fa6Df298854f77e92042fd2A3e7fb27eFF,0xCe9cc1fa6Df298854f77e92042fd2A3e7fb27eFF,79677599,-44161523912795276,1865489758856134738274404168268532,8273208007627737,201344,Swap,99,8,0x15ed45ada67029b1c04b04ce1f7c12bd80a142185b9f3779fe0f61601b85b0a3,0xA4D8c89f0c20efbe54cBa9e7e7a7E509056228D9,0x72f87a7140c1c741670fefe7913d079ae1d30bca0e50eb52e6bdf7c7b2bb5f9e,49404680
0xCe9cc1fa6Df298854f77e92042fd2A3e7fb27eFF,0xCe9cc1fa6Df298854f77e92042fd2A3e7fb27eFF,59238562,-32820160060374113,1865175457442147554661780646442197,8273208007627737,201340,Swap,211,46,0xe6aba01d7cb5495b4b61dcabb95b66c1c313ca2d8af7c0ae34828a6790b9eb61,0xA4D8c89f0c20efbe54cBa9e7e7a7E509056228D9,0x0e02c1d78f3129b7817f1fd16a0298574a0d18a6dc65b940bac6c506eab93a00,49404695
0xE37e799D5077682FA0a244D46E5649F71457BD09,0x1111111254fb6c44bAC0beD2854e76F90643097d,3900000,-2160343473725193,1865154768968744598545116402661517,8273208007627737,201340,Swap,801,41,0xa06ce5e1e0de3a7030c33dc03801aea4822ee6ce1da78ec72e51bc66b719249a,0xA4D8c89f0c20efbe54cBa9e7e7a7E509056228D9,0x995eb9035840426741d3cc4f288afba5a01e3611c736f372a7cf9132e7e21d3d,49404697
0xCe9cc1fa6Df298854f77e92042fd2A3e7fb27eFF,0xCe9cc1fa6Df298854f77e92042fd2A3e7fb27eFF,59972440,-33214752746606918,1864836688748103095464141076699634,8273208007627737,201337,Swap,228,37,0xd3197630cb76c3f42ed225eccf611f87f748a9e8ebfc76895b2206916f3fcca7,0xA4D8c89f0c20efbe54cBa9e7e7a7E509056228D9,0x77898049af07bb67d1841f258f95bd1bc62b7d4e41b6b7ef5c0823f41555c4b6,49404930
0xCe9cc1fa6Df298854f77e92042fd2A3e7fb27eFF,0xCe9cc1fa6Df298854f77e92042fd2A3e7fb27eFF,56973818,-31543523894633795,1864534613007339358783204358027292,8273208007627737,201333,Swap,149,40,0x2b69007f30c59e87c12357aa4767a67cd60296982e6887924ce1cd7bc1d5f33a,0xA4D8c89f0c20efbe54cBa9e7e7a7E509056228D9,0x10649ef70d2a8ce87d244992e685d2ff800d09b127a8682831467b221527271e,49404962
0x6d8e9Bd8f845F51a224E216B6Dd25D5e593D8dD3,0x6d8e9Bd8f845F51a224E216B6Dd25D5e593D8dD3,4100000,-2269568656702045,1864512878541796526366879324144855,8273208007627737,201333,Swap,266,37,0xacb9906cb991c4d68852d14b152bd51cfab6dae644155790f7c637d5aef7468a,0xA4D8c89f0c20efbe54cBa9e7e7a7E509056228D9,0x0be3310feb4feed9f28a3779ffa52f97783a18d017ade60ca13c4aebd368650d,49404967
0xCe9cc1fa6Df298854f77e92042fd2A3e7fb27eFF,0x6Bfce69d1Df30FD2B2C8e478EDEC9dAa643Ae3B8,64103875,-35478033814221845,1864173124068546467131643322831181,8273208007627737,201329,Swap,727,46,0x999b22cb1c2fcca45bac3f09d3c9b152b7cc9bb664f24f7c973f2ce16c853495,0xA4D8c89f0c20efbe54cBa9e7e7a7E509056228D9,0x01ed7048859f2416445165a2464940d16c574916f0148177508401f95e061ca3,49405045
0xE37e799D5077682FA0a244D46E5649F71457BD09,0x1111111254fb6c44bAC0beD2854e76F90643097d,-1943040,1076253808873941,1864183425631953508866631847725221,8273208007627737,201330,Swap,1888,56,0x78994bb2b6c9cceea7b9dba25a6e5bccb05e5457846bcf2fc6e43556b6f793f3,0xA4D8c89f0c20efbe54cBa9e7e7a7E509056228D9,0x9a3cb052eb4b02dcb92bf8285a0a71a224064f8d78a5c697504e1f5617c22a4e,49405144
0xE592427A0AEce92De3Edee1F18E0157C05861564,0xC6d5Ad3C4002A1b48d87b83939698660516ae142,-99000405,54852268257092616,1864708454314603854607756042900412,8273208007627737,201335,Swap,125,32,0x1f06cbb9dfb1c81cba0039acc9012547c3e425c03a94c03843de4ae474da0dfa,0xA4D8c89f0c20efbe54cBa9e7e7a7E509056228D9,0xcb9d6140ced3653ea4a7a57dac41d112e50a7d5f8ef3605bd45a92701237bb42,49405467
0xE592427A0AEce92De3Edee1F18E0157C05861564,0x8B26320912935111300DdAeeC15EA9a182FF6F1a,-95073040,52705359102108888,1865212933457167217280230476167709,8273208007627737,201341,Swap,264,43,0xdd34844172978f429ac72491e9b9fb28dbbab0f121f76bc3f0b6a2de86706ba6,0xA4D8c89f0c20efbe54cBa9e7e7a7E509056228D9,0x245ded40473eb46789ae58cf958273e03199a794cc41a4931e1be3c1944cc8be,49405507
0xE592427A0AEce92De3Edee1F18E0157C05861564,0xdB6f1920A889355780aF7570773609Bd8Cb1f498,-79898,44305309320524,1865213357533671728332994873913044,8273208007627737,201341,Swap,351,57,0x30098e76f00a9a1809ed5260b80188dc323a221d5f002264a0c24f140ef51426,0xA4D8c89f0c20efbe54cBa9e7e7a7E509056228D9,0x09de41de36b4731fa309a3dc13211e313838541c9fe0ea83f43b37cfbd5e75a3,49405603
0xbADffFfffFF3f678866b558e3Fd0a2A4Deb4DC48,0xbADffFfffFF3f678866b558e3Fd0a2A4Deb4DC48,30888258,-17109444796008154,1865049509378085989686310744765980,8273208007627737,201339,Swap,145,34,0xc56acdb10da7f31b0561ccdb58545c009a156011a788113794f87008487fe112,0xA4D8c89f0c20efbe54cBa9e7e7a7E509056228D9,0xec6a7fb7ba53eabe15b9c8c734cc7064624d16baa8a4d2b20f8a997a36e209f9,49405625
0x1111111254EEB25477B68fb85Ed929f73A960582,0x1231DEB6f5749EF6cE6943a275A1D3E7486F4EaE,33967972,-18811872547086707,1864869357967172101640691115889986,8273208007627737,201337,Swap,1068,51,0x58e4ecb73ef8238768408b4d90555cc511aa0651bfc81ed53963b39c5669971b,0xA4D8c89f0c20efbe54cBa9e7e7a7E509056228D9,0xf078c8c6ee9cecde491a6fc13cc62714626f0f7a4ac200eb234dca609e5a18da,49405626
0xE592427A0AEce92De3Edee1F18E0157C05861564,0xE898563cAf3b8ed945bd23e9F1A5EcA1f395180e,90350806,-50019680999488506,1864390345785744370527950109836309,8273208007627737,201332,Swap,328,72,0x4bece03b5ceb8e523827ca43b7f82f403ad42b4c7d2c6ad5178d2a93df022c3a,0xA4D8c89f0c20efbe54cBa9e7e7a7E509056228D9,0x97adb7bccba7561172f8f369bc2c6fc767d28db8404ca68d52d4a532c53b13fa,49405654
0xCe9cc1fa6Df298854f77e92042fd2A3e7fb27eFF,0xCe9cc1fa6Df298854f77e92042fd2A3e7fb27eFF,118490980,-65559606594968581,1863762515908762130309997691353329,8273208007627737,201325,Swap,621,78,0xf89d542a236b4e0d125e994e54694695e355738121da3186ba68c226165cfb54,0xA4D8c89f0c20efbe54cBa9e7e7a7E509056228D9,0xb13cc7ea2a373e168ca58deb5576af2e6a531a15289cf0bd7bce3eb6a99717a8,49405724
0xCe9cc1fa6Df298854f77e92042fd2A3e7fb27eFF,0xCe9cc1fa6Df298854f77e92042fd2A3e7fb27eFF,81047830,-44817347128232049,1863333323743104020186622457301209,8273208007627737,201320,Swap,332,78,0xad4a5162cfa7d304c04828cb771324c322cc0685488293145d0777b186c245bd,0xA4D8c89f0c20efbe54cBa9e7e7a7E509056228D9,0x2e76a1243b7e2798d501195b212b8e6718411b92c86e2b91c1ed8b76d8713f35,49405733
0xf081470f5C6FBCCF48cC4e5B82Dd926409DcdD67,0xf081470f5C6FBCCF48cC4e5B82Dd926409DcdD67,69511893,-38421833102449095,1862965378052106019758006776998059,8273208007627737,201317,Swap,117,7,0x3f5e73b6383a081b67009c419643675ad10eb55b1f3b129e83d2174328cd020a,0xA4D8c89f0c20efbe54cBa9e7e7a7E509056228D9,0xe34af449c09b2229482eefa237b25f01dc2c1253ad8cd24917e9dbc1ea7f9cde,49405782
0xE592427A0AEce92De3Edee1F18E0157C05861564,0xdB6f1920A889355780aF7570773609Bd8Cb1f498,-7497581,4147611110303865,1863005077682888511634948040434047,8273208007627737,201317,Swap,365,60,0x4fca19d4995147fa3e6b24a6ecd868c3723b3ccd166202f91ec06d311369975b,0xA4D8c89f0c20efbe54cBa9e7e7a7E509056228D9,0xe386e662ac936b254ff7c8977e5ea9d4c829528a4b764c7e0cdcfcb97cb8296e,49405900
0xE592427A0AEce92De3Edee1F18E0157C05861564,0xE898563cAf3b8ed945bd23e9F1A5EcA1f395180e,-118646691,65658086752088880,1863633536266063582562692637683835,8273208007627737,201324,Swap,206,44,0x79f4605c62dad0b7fff1d84cc1402266beb18257cce0d50a648d7bcda6677fe1,0xA4D8c89f0c20efbe54cBa9e7e7a7E509056228D9,0xdeeffc047ca9e78101a79392a9c493ffbf4aa2328699e7e7dca28b48c363250e,49406027
0xE592427A0AEce92De3Edee1F18E0157C05861564,0x8B26320912935111300DdAeeC15EA9a182FF6F1a,-132536805,73397159495953040,1864336070822698890554923431200893,8273208007627737,201331,Swap,80,12,0x9143715593d29eac85836bbf07e6953741af28117556da9d3ed6137e7f46c914,0xA4D8c89f0c20efbe54cBa9e7e7a7E509056228D9,0x82097e8a61e10df008eff6fdd7890cfb0223ce5531148cd66df2029437e0209a,49406043
0x6d8e9Bd8f845F51a224E216B6Dd25D5e593D8dD3,0x6d8e9Bd8f845F51a224E216B6Dd25D5e593D8dD3,2000000,-1106877506490795,1864325470838885261970786828656750,8273208007627737,201331,Swap,580,32,0x534ef0fb899e2f651449b66f1507ebb38ac321b68d3a2faad5c64ce743f5dfab,0xA4D8c89f0c20efbe54cBa9e7e7a7E509056228D9,0x041a5682d1f52f2b2928abf1cefbaefbd9229bba028bbbf501dafc706e552614,49406076
0xE592427A0AEce92De3Edee1F18E0157C05861564,0xE898563cAf3b8ed945bd23e9F1A5EcA1f395180e,-90242547,50006255130601424,1864804115006022359705405306165752,8273208007627737,201336,Swap,200,42,0xeb9541147ec4de356172281f0fe833941e32f14e76df1eb7a134af6566a27212,0xA4D8c89f0c20efbe54cBa9e7e7a7E509056228D9,0xbf905379399b4e5fcdd68451e004524a1e30fdac01f61d74d081db1e0e2611f5,49406252
0x92066f4DEefa0a98d0FE2CdcCF8b42506d845613,0x6Cf8654e85AB489cA7e70189046D507ebA233613,68593894,-37974391638754633,1864440454226629207239893498606562,8273208007627737,201332,Swap,1155,67,0xa9fd71192b889d7c5a9fadbe713810d636344943db339af6308f22c4cd5800c6,0xA4D8c89f0c20efbe54cBa9e7e7a7E509056228D9,0x47a274f8080796448198c34a53c46db854e5759fd4bbfbbf26e7be94d0398264,49406726
0xCe9cc1fa6Df298854f77e92042fd2A3e7fb27eFF,0x6Bfce69d1Df30FD2B2C8e478EDEC9dAa643Ae3B8,153075819,-84691201802878998,1863629411122940718967666134310144,8273208007627737,201324,Swap,276,58,0x0efee1bdd0fdbce7d014a14b9029a9a7f3e6347dc462b7c22bedc1b8791fedb2,0xA4D8c89f0c20efbe54cBa9e7e7a7E509056228D9,0x469ee78f08eaee0e60a37c5fbe0531fa8c2dddb20cf321be938eb7a3ef135f97,49406914
0xE592427A0AEce92De3Edee1F18E0157C05861564,0xdB6f1920A889355780aF7570773609Bd8Cb1f498,29956797,-16565369979292878,1863470773285765794304302762094833,8273208007627737,201322,Swap,284,49,0x8e56f28fe9fc3b253603688b719bfed6eb82acb79aa6b0f4e2f16ea4d4b8ef04,0xA4D8c89f0c20efbe54cBa9e7e7a7E509056228D9,0x8518e4ca5b617770df281d0df720862071b199d0e7b19a978010aed75b5f1478,49407261
0xCe9cc1fa6Df298854f77e92042fd2A3e7fb27eFF,0xad3b67BCA8935Cb510C8D18bD45F0b94F54A968f,-97777582,54133142917386584,1863988918726541862217870701079730,8273208007627737,201328,Swap,576,89,0x67e82800c533d21cb1ef1a5ea69071049c39206fee42f3b2ae558b8b42da6a45,0xA4D8c89f0c20efbe54cBa9e7e7a7E509056228D9,0x3aeb39d91dd7a0c25d7e75d32cac5bdc5662fcf114aa6e474d9ec1f73583f1bb,49407361
0xE592427A0AEce92De3Edee1F18E0157C05861564,0x693fB96fdDa3c382fDe7F43a622209c3dD028B98,-94552196,52376092655586744,1864490246234101760316526416338093,8273208007627737,201333,Swap,95,25,0xbe4d01ac1d13c41c944215397ba0337aeece74f9b631f63dc43cea5dd087ea41,0xA4D8c89f0c20efbe54cBa9e7e7a7E509056228D9,0x500b0648734606283bdec6d5ae8f61d47f78f69ee578b855ac670c3eb7dec07f,49407693
0xCe9cc1fa6Df298854f77e92042fd2A3e7fb27eFF,0xad3b67BCA8935Cb510C8D18bD45F0b94F54A968f,-95306433,52822413264322177,1864995845782339096848947038699934,8273208007627737,201338,Swap,572,109,0xe45b486ee714973dc8b76a7936949850f576eab505096d9fb612d4516fa71524,0xA4D8c89f0c20efbe54cBa9e7e7a7E509056228D9,0x500b0648734606283bdec6d5ae8f61d47f78f69ee578b855ac670c3eb7dec07f,49407693
0xf081470f5C6FBCCF48cC4e5B82Dd926409DcdD67,0xf081470f5C6FBCCF48cC4e5B82Dd926409DcdD67,95000000,-52599989568553102,1864492123342634489901927908983855,8273208007627737,201333,Swap,550,46,0x5ac9e9e4f421337db84d20d5b9e100ec68ee1770a92a75b4c603d07a1674e587,0xA4D8c89f0c20efbe54cBa9e7e7a7E509056228D9,0x4c50a7cf5ca326ea3804fa39317a999f62dba11e35c40a6d89e61669fdfa22c1,49408099
0x6d8e9Bd8f845F51a224E216B6Dd25D5e593D8dD3,0x6d8e9Bd8f845F51a224E216B6Dd25D5e593D8dD3,-1946186,1078365566737451,1864502445119124497657589764996629,8273208007627737,201333,Swap,307,38,0x383494f9e41e05cee2b98ecc9dca30d47915981194d7f9327167be86b8148d01,0xA4D8c89f0c20efbe54cBa9e7e7a7E509056228D9,0xaea1a71c7a3f162548338e9b6eb0740eda2638ead220b0891fdb9a31f2e3ff8a,49408655
0xE592427A0AEce92De3Edee1F18E0157C05861564,0x1c4C4EE5E104939Cb48A9a978be77aA8bAfaAE92,-106866863,59232361933413256,1865069398682656435357545990968273,8273208007627737,201339,Swap,71,16,0x5f7f6ad32e4a2f0c25c804c15cfe9a0c924a6aad2457e5a5a7f7660e912db6f4,0xA4D8c89f0c20efbe54cBa9e7e7a7E509056228D9,0x8bf6baed8be5e4d43a18a7c947ad471b9fd0c80e2d92d87c0ac6c6087962fc82,49409126
0xf081470f5C6FBCCF48cC4e5B82Dd926409DcdD67,0xf081470f5C6FBCCF48cC4e5B82Dd926409DcdD67,12636039,-6998564040992696,1865002377115122410706031453240358,8273208007627737,201338,Swap,283,51,0x29e6ecbc7dbce8d51c09cc5b225fa2ca429d9bff0c0cf105f8230170f8bffec7,0xA4D8c89f0c20efbe54cBa9e7e7a7E509056228D9,0x4cc69fa68818b399828431c66eded15dc5930d2004f23a636c7de559b3e70bf8,49409405
0xE37e799D5077682FA0a244D46E5649F71457BD09,0x1111111254fb6c44bAC0beD2854e76F90643097d,5000000,-2769148457036827,1864975858436542353172543904081848,8273208007627737,201338,Swap,162,33,0x9d9bc65dab88c3724b05e9723168464bebc4cce42778c9fa34d62eb5a09d72d8,0xA4D8c89f0c20efbe54cBa9e7e7a7E509056228D9,0x93bdc24481b701f3deae54da630842ace5e178b97a90e868442e5584e2e1cc39,49409620
0xE592427A0AEce92De3Edee1F18E0157C05861564,0xC6d5Ad3C4002A1b48d87b83939698660516ae142,-100491047,55725763387948936,1865509247940220290330656714544115,8273208007627737,201344,Swap,151,20,0x339ed38b56b4490d82e9772724d2858e259272f2e97dac2f42f549d7fea0fa86,0xA4D8c89f0c20efbe54cBa9e7e7a7E509056228D9,0xc029b187ab0c2cdc0976e57ad942d5d294fac84ae067f64095d096e9567e49fb,49409974
0xCe9cc1fa6Df298854f77e92042fd2A3e7fb27eFF,0xad3b67BCA8935Cb510C8D18bD45F0b94F54A968f,-73245267,40637123703472176,1865898213724182639974574887779444,8273208007627737,201348,Swap,645,64,0x431f853daf572167b9a3209a1b51b0e09b0de4c68547fb132875be8b346cc4c4,0xA4D8c89f0c20efbe54cBa9e7e7a7E509056228D9,0xa212f90bfb9475c0cc6361254d731d5b727a15ee79b25a0d27493d810158108e,49409990
0xE37e799D5077682FA0a244D46E5649F71457BD09,0xFc2fC983a411C4B1E238f7Eb949308CF0218C750,488000,-270532065183209,1865895622980857210059607990633311,8273208007627737,201348,Swap,130,27,0x26a10d4ef51e59da4c9868c7ab1a13b3705e212d63c51d387ae51e01c87d3c4f,0xA4D8c89f0c20efbe54cBa9e7e7a7E509056228D9,0x9b4ad93027fe84cb33d899d38a41e716f65d6668d13ead19f4d89dde6808d42e,49410029
0x643770E279d5D0733F21d6DC03A8efbABf3255B4,0x643770E279d5D0733F21d6DC03A8efbABf3255B4,90351272,-50075000000000000,1865416081038451801312739894483127,8273208007627737,201343,Swap,638,41,0x170c07faed7b8ec940d74711d949422c5b08b0ee4859549e39da81868644ec19,0xA4D8c89f0c20efbe54cBa9e7e7a7E509056228D9,0xd94b09290e6014aef4f5a71f10da2f26f4f3a5c701f591c698410bf520894527,49410035
0xCe9cc1fa6Df298854f77e92042fd2A3e7fb27eFF,0xad3b67BCA8935Cb510C8D18bD45F0b94F54A968f,-154645543,85810030272048558,1866237427695271128876830619097865,8273208007627737,201352,Swap,70,16,0xb88d53ba05f707e6329ed0c3611711791b8bd0e2b3b4dfe49dce56c99451d54a,0xA4D8c89f0c20efbe54cBa9e7e7a7E509056228D9,0x77c79906c85f64baccf0390a8ed2f8b522410ed843eab8ffa015f06f2027455b,49410158
0x6E7c5a418DD1395068E539514B8c4Dc398a12e9e,0x39E3e49C99834C9573c9FC7Ff5A4B226cD7B0E63,-10056465,5582768600642921,1866290864202767940771640748673633,8273208007627737,201352,Swap,65,14,0x7429ab07be22f4502b4fd35e3d03f909b3fe7260fb926101a2f33123288f71f7,0xA4D8c89f0c20efbe54cBa9e7e7a7E509056228D9,0x4bca13a296cc9b795a3dbebdb3d27ce6bb5232b6bec85827e2ea323a406a8da0,49410254
0xE592427A0AEce92De3Edee1F18E0157C05861564,0x693fB96fdDa3c382fDe7F43a622209c3dD028B98,-91726337,50935923493446184,1866778406863465201791877224595322,8273208007627737,201357,Swap,107,19,0x008d064da41bfbada962b9024c83c6c4b87699aafaccc7b19b62d2311506dc95,0xA4D8c89f0c20efbe54cBa9e7e7a7E509056228D9,0x1d3e6aa0585cbbdaa90e3cf5bc4cc7e946e85b90f7cff37f8867e999f368efbc,49410319
0xE592427A0AEce92De3Edee1F18E0157C05861564,0x1c4C4EE5E104939Cb48A9a978be77aA8bAfaAE92,-90002365,50004470137290920,1867257033945206998074273435766360,8273208007627737,201363,Swap,292,69,0xc6b719593daedbf959a49186cd42e8a5c6be94ed475ca727a8b1aa910f0effc3,0xA4D8c89f0c20efbe54cBa9e7e7a7E509056228D9,0x9354c340cd21c44482b7d55508883e0440b5bde922313a9d16671c95d725d883,49410329
0xbADffFfffFF3f678866b558e3Fd0a2A4Deb4DC48,0xbADffFfffFF3f678866b558e3Fd0a2A4Deb4DC48,-33441103,18586097608133156,1867434934233615711496407474290443,8273208007627737,201364,Swap,202,38,0x91e4a7eb1117725a308fa9da99f90ce77ee233f54d0f79a209a94f1ea749acc5,0xA4D8c89f0c20efbe54cBa9e7e7a7E509056228D9,0xf63044ee24803c4c3a5ce0598d659920ec3726296784b1fcacfeac6e69b8d5bc,49410346
0xE592427A0AEce92De3Edee1F18E0157C05861564,0xDEF171Fe48CF0115B1d80b88dc8eAB59176FEe57,-70713427,39313198653607882,1867811227822845837571339244721753,8273208007627737,201368,Swap,244,60,0x1b09c9e85024b9fab1dd0e3880940294c848543219d34fbff2891234674d93ea,0xA4D8c89f0c20efbe54cBa9e7e7a7E509056228D9,0x3afe139b7d20fdf71c7d98d466390dc6e3c1296f0d87752f3f7fe00d3eeddf28,49410356
0xE592427A0AEce92De3Edee1F18E0157C05861564,0x1c4C4EE5E104939Cb48A9a978be77aA8bAfaAE92,-99169366,55160003127261104,1868339202047013862391670811834483,8273208007627737,201374,Swap,155,24,0xf4ccbacb28e61cfbde3d2fcaf45c213ca2b179d53616d8324aef0cbf565039c1,0xA4D8c89f0c20efbe54cBa9e7e7a7E509056228D9,0xaa626643c7f8b496a402146f81bd82ab0bc2eca4c9c02967f86396ba27d76188,49410589
0xf081470f5C6FBCCF48cC4e5B82Dd926409DcdD67,0xf081470f5C6FBCCF48cC4e5B82Dd926409DcdD67,-135408138,75367118124375100,1869060592428876094869505277314126,8273208007627737,201382,Swap,184,39,0xd820ca8ef3c330fbfd465842efd253db294ca20bc3da3baa86c7e302f317f3fe,0xA4D8c89f0c20efbe54cBa9e7e7a7E509056228D9,0xbd10bcc14ad071e629179af9b6f7287843f0d3ec0a88614174415a2d695fed54,49410598
0xf081470f5C6FBCCF48cC4e5B82Dd926409DcdD67,0xf081470f5C6FBCCF48cC4e5B82Dd926409DcdD67,-50425243,28081173124596009,1869329376597723598318038274485963,8273208007627737,201385,Swap,128,5,0x6df2048f9c6a512a97b3bb6ef7a1559c9a208f82c510aa648a73ab7aed1e19b2,0xA4D8c89f0c20efbe54cBa9e7e7a7E509056228D9,0x691855088384f843af70315aa33fa9b3625d1729e8963c6918d117a88f31d150,49410614
0xE592427A0AEce92De3Edee1F18E0157C05861564,0x693fB96fdDa3c382fDe7F43a622209c3dD028B98,-88302114,49193778291838904,1869800243991759170835145229827945,8273208007627737,201390,Swap,91,23,0xb4c881fdf1b6145b11452c81394b2b0bc17184d5b9b243b4c8f6c8b3b7a879ca,0xA4D8c89f0c20efbe54cBa9e7e7a7E509056228D9,0x7cfc52416db5b9d60dfec8e42a6706b86e85745fe44fcfb2e5a4ce4a61a6d13b,49410843
0xf081470f5C6FBCCF48cC4e5B82Dd926409DcdD67,0xf081470f5C6FBCCF48cC4e5B82Dd926409DcdD67,3453400,-1922456961691815,1869781833632386220390322259931418,8273208007627737,201390,Swap,587,59,0xac4df42e3ccb6933f5799b8c63ab46a393d0d19613e7dc97bf83987314814219,0xA4D8c89f0c20efbe54cBa9e7e7a7E509056228D9,0xc0381f2ebc3b3efca337f79ccca534c023ef88318da06efc4e40df329366cd8b,49411192
0xf081470f5C6FBCCF48cC4e5B82Dd926409DcdD67,0xf081470f5C6FBCCF48cC4e5B82Dd926409DcdD67,13099161,-7291766438994007,1869712004219670858294938272358031,8273208007627737,201389,Swap,619,38,0xe2e5a22713561c74df2ca0aa917007e468914c8d3dcd436cf73112914ef861e2,0xA4D8c89f0c20efbe54cBa9e7e7a7E509056228D9,0x8a5355d3e96dd2da24f74650162c2f24351740db6d498a4e23949e1dec5b2b1d,49411407
0x643770E279d5D0733F21d6DC03A8efbABf3255B4,0x643770E279d5D0733F21d6DC03A8efbABf3255B4,-112398898,62648227097766025,1870311653371632166798511321650921,8273208007627737,201395,Swap,223,53,0x68cda88ffcb2bf770a1c7b4c6c88b0950ef528959dfa4a5749755c687221b2fb,0xA4D8c89f0c20efbe54cBa9e7e7a7E509056228D9,0x7cd398b417d9acfb27270f358ac14f2ca7cf909d3dab6c44cd7755b2b6f6a86a,49411462
0xE592427A0AEce92De3Edee1F18E0157C05861564,0x1c4C4EE5E104939Cb48A9a978be77aA8bAfaAE92,89831521,-50022926113622121,1869832610113452863825864052707841,8273208007627737,201390,Swap,82,24,0xe24c6ab6de24169c50d03e04681b4d89c8339b66b542dde864cdd117030685c3,0xA4D8c89f0c20efbe54cBa9e7e7a7E509056228D9,0x8284076a906e8cbb383ff3292e5410a2498d7dc0f41e90312015d66d1261594e,49411770
0xE592427A0AEce92De3Edee1F18E0157C05861564,0x1c4C4EE5E104939Cb48A9a978be77aA8bAfaAE92,123682913,-68831251727853934,1869173449411470423031110868912393,8273208007627737,201383,Swap,171,62,0xd8219a2a1babd3497261f28ec878ad1401e7e18fcc9436641cb926028402bf0e,0xA4D8c89f0c20efbe54cBa9e7e7a7E509056228D9,0x1228efd8a6b0fc3f8da1cca2dff8a2dc8c9e879a89c7447829abb096ad96c490,49411967
0xE592427A0AEce92De3Edee1F18E0157C05861564,0x1c4C4EE5E104939Cb48A9a978be77aA8bAfaAE92,89935194,-50019713632335071,1868694436917535080768796678419409,8273208007627737,201378,Swap,105,33,0x4cfc7b7cd4ac7733be4592f857b45870e9d04e7dedafc954c6aad9f2563e401a,0xA4D8c89f0c20efbe54cBa9e7e7a7E509056228D9,0xbf66747ca8e907fc738a6ab988c4cccb9c5e602eb7c9eed9e20ba9bdc5cb54f0,49412467
0x68b3465833fb72A70ecDF485E0e4C7bD8665Fc45,0x481d9bb3AF115e955D09a13b9eB7546A68732915,-7262,4042117562126,1868694475607414755634132967882575,8273208007627737,201378,Swap,761,46,0x1b2fc2603e9668fca14e4d2a980f82cca38a06e4d51fa3bb7d77ecdd832a9f1a,0xA4D8c89f0c20efbe54cBa9e7e7a7E509056228D9,0x0ebd47550821ddbe4bca5c06af6d977aaca3e2248b466afd7c5a0c1f596b3ff1,49412478
0x92066f4DEefa0a98d0FE2CdcCF8b42506d845613,0x92066f4DEefa0a98d0FE2CdcCF8b42506d845613,75518276,-41981586923511579,1868292440026015609336223194810416,8273208007627737,201374,Swap,143,39,0x3cbb64a61a32206cf05a1758cbc0631ca9d50c2f4bca442f82c3d042e2218325,0xA4D8c89f0c20efbe54cBa9e7e7a7E509056228D9,0xf7404b36c20075bcc92adc100058258e4d2dfb2b4a7fd787a9705aac677ad3fc,49412498
0x6d8e9Bd8f845F51a224E216B6Dd25D5e593D8dD3,0x6d8e9Bd8f845F51a224E216B6Dd25D5e593D8dD3,50568835,-28101773267180904,1868023324121121344322960514467684,8273208007627737,201371,Swap,21,7,0xc9aea9cdd31b3ed9e21d74743599523c07330f14f567b7c0e617ffc0bca45467,0xA4D8c89f0c20efbe54cBa9e7e7a7E509056228D9,0x30348a44f2488a8d32b4f2a0e268b7ee607bfff2afb57f3e714287def66ee264,49412522
0x643770E279d5D0733F21d6DC03A8efbABf3255B4,0x643770E279d5D0733F21d6DC03A8efbABf3255B4,20000000,-11112031782531571,1867916910036147488580863302940937,8273208007627737,201370,Swap,107,26,0xe21a4d75fcf661c9f571151a525c8f01a02782de50ab5a76dbc1550be26c377c,0xA4D8c89f0c20efbe54cBa9e7e7a7E509056228D9,0x8276740f752b2ff684e3080ceba4ec195e7eca54db8246c808d9be857883efc3,49412588
0x68b3465833fb72A70ecDF485E0e4C7bD8665Fc45,0x481d9bb3AF115e955D09a13b9eB7546A68732915,-7268,4042117460930,1867916948726026194833723015368303,8273208007627737,201370,Swap,314,82,0xb41f35275fc78b88cc5a35e46ab13fe354310674cfa15b6f0bda7f9532e84a21,0xA4D8c89f0c20efbe54cBa9e7e7a7E509056228D9,0x6584d5e7907bee58bca13aa83fd8312b61f804a2fefabd1483b60c5fc0327e2f,49412945
0x68b3465833fb72A70ecDF485E0e4C7bD8665Fc45,0x481d9bb3AF115e955D09a13b9eB7546A68732915,-7268,4042117359733,1867916987415903932464529676622966,8273208007627737,201370,Swap,1062,77,0x9873000d494d08604f72456f9c6e92db0ee59ef5bff09d870aedc1720210d51e,0xA4D8c89f0c20efbe54cBa9e7e7a7E509056228D9,0x6832be0932b69c09dbcd79b11db660ac39411d56527c56a4c71b455d784b787e,49413054
0xE592427A0AEce92De3Edee1F18E0157C05861564,0xE898563cAf3b8ed945bd23e9F1A5EcA1f395180e,-89895692,50006140075344200,1868395630481768246920510093618927,8273208007627737,201375,Swap,147,34,0x93bdc623e0872a3b8b018a731a0a079e5a950e10e0e6bb7754f4ba68710c327d,0xA4D8c89f0c20efbe54cBa9e7e7a7E509056228D9,0x8d61ced9503ce3a3fc290c40d1bed44486931d36c8fc726f2206c6168e08ec88,49413068
0x68b3465833fb72A70ecDF485E0e4C7bD8665Fc45,0x481d9bb3AF115e955D09a13b9eB7546A68732915,-7264,4042117258537,1868395669171645015929263703700886,8273208007627737,201375,Swap,130,29,0x60701ac09f31cada940ad06a809eb84f268bf0678dab959df4146f61e5f5b002,0xA4D8c89f0c20efbe54cBa9e7e7a7E509056228D9,0xc44d2f649a9f3b308475b5498d67be8f64b834c66dca3694654dafaab26e7502,49413096
0xE592427A0AEce92De3Edee1F18E0157C05861564,0x1c4C4EE5E104939Cb48A9a978be77aA8bAfaAE92,-93600461,52094228818634152,1868894298767091081686575690699158,8273208007627737,201380,Swap,253,58,0x9f2f70887c705b674795589daec697a89df9fc7f3da785c3a26e090287dc089c,0xA4D8c89f0c20efbe54cBa9e7e7a7E509056228D9,0xc69ca0669870ce5319aaff79e4ee4f9f99859efd779d4665c476d7d0e1cfa6da,49413215
0xCe9cc1fa6Df298854f77e92042fd2A3e7fb27eFF,0xad3b67BCA8935Cb510C8D18bD45F0b94F54A968f,-43381734,24153949017094519,1869125492780323323510382588058692,8273208007627737,201383,Swap,260,65,0x0da1df9d432f49d0a32c0bafb5b0e731b1e25ebc482733705d8a8fbce3054a6b,0xA4D8c89f0c20efbe54cBa9e7e7a7E509056228D9,0x4c0c8a9106be399a05bf2f9438de84a030b089ebf2b4cf8b14f46447f0281ff9,49413239
0x66A2995547EE992C0d7bED1a01ec0383ee8FB044,0x66A2995547EE992C0d7bED1a01ec0383ee8FB044,-69787187,38868437649032801,1869497529256917162107917538378242,8273208007627737,201387,Swap,18,7,0xe6d19034ef569bbeabc53c44d43f2f3baf951f5430fc947b22ca47aeae4af7d1,0xA4D8c89f0c20efbe54cBa9e7e7a7E509056228D9,0x5d7494f8da748c0171b29fcc435b42d78356dd627c9a94e9efbbc40a58daf07f,49413256
0x1111111254EEB25477B68fb85Ed929f73A960582,0x1231DEB6f5749EF6cE6943a275A1D3E7486F4EaE,-68919994,38400637593266882,1869865088098313284327300085257771,8273208007627737,201390,Swap,339,65,0x83dcdada7d66c092105acb9be6f36e3d07bfb5a9e2bee8595917e21f2bde6f63,0xA4D8c89f0c20efbe54cBa9e7e7a7E509056228D9,0x6833303ed766e2e26fc8f9b87983271a0ddf535f9b0ac6ba3a1b1bc26e9fa68d,49413325
0xE592427A0AEce92De3Edee1F18E0157C05861564,0xC6d5Ad3C4002A1b48d87b83939698660516ae142,91685880,-51030886775503887,1869376392130924455172825586316260,8273208007627737,201385,Swap,75,19,0x4b37f78d9f24f6015cdad6d689eaca9c6f4a2c60dec404c1d8dd1c3565086247,0xA4D8c89f0c20efbe54cBa9e7e7a7E509056228D9,0xa6b5d476207351964258f9c88b1aa79e2969e2e3cca756203a43e7c1be5949fa,49413575
0xE592427A0AEce92De3Edee1F18E0157C05861564,0xC6d5Ad3C4002A1b48d87b83939698660516ae142,95435558,-53089572022258244,1868867981217514059508485655774990,8273208007627737,201380,Swap,154,40,0xa209c495e628f6aa88dd980dfbb5c34e8604c7a7b60a37a44f6a89ac2ed46e53,0xA4D8c89f0c20efbe54cBa9e7e7a7E509056228D9,0x5877c8368450868aa6524a46fb8cd07b883298b0959f8c1b03d40b6a08dfd533,49413589
0xE592427A0AEce92De3Edee1F18E0157C05861564,0xC6d5Ad3C4002A1b48d87b83939698660516ae142,98340032,-54675092553921289,1868344386607738664289083681585982,8273208007627737,201374,Swap,134,43,0x10f5db10ad23e4343e3e7aec5c2a72c64fdd99c6c992e6c5e2c4871176e78691,0xA4D8c89f0c20efbe54cBa9e7e7a7E509056228D9,0x934b1292bdc177bb15f693045103bedfd3325f6a12033a14de66fb15e7667c19,49413638
0xE592427A0AEce92De3Edee1F18E0157C05861564,0x693fB96fdDa3c382fDe7F43a622209c3dD028B98,87811343,-48795466857707401,1867877098081377730605398695305671,8273208007627737,201369,Swap,314,96,0xa04a9f05752b473ea2a38b1b73087b12fd5fffbfef39474b0420a120e7a495de,0xA4D8c89f0c20efbe54cBa9e7e7a7E509056228D9,0x75223d75123d0c6ef885beea40d71be805bb507ea09808c2cd36eb0db79160fd,49413655
0xE592427A0AEce92De3Edee1F18E0157C05861564,0x1c4C4EE5E104939Cb48A9a978be77aA8bAfaAE92,90058140,-50018631864337145,1867398095946965642618596988002563,8273208007627737,201364,Swap,618,64,0xf5b12d9a8c3ac34f2ffda00cc6cda31d2b990ddb9452194cc88995db8a40095a,0xA4D8c89f0c20efbe54cBa9e7e7a7E509056228D9,0xa5da17eae5006b272a92c2939dab19fd85dc9b4dd33d4579c4b7596dc1c6baa7,49413680
0xE592427A0AEce92De3Edee1F18E0157C05861564,0xC6d5Ad3C4002A1b48d87b83939698660516ae142,98983680,-54946325873391132,1866871903878321278142384290489170,8273208007627737,201358,Swap,169,34,0x61c43c4c8761297d736e1ac12f8d2394160077490371448a4e5e5561ccdb06a5,0xA4D8c89f0c20efbe54cBa9e7e7a7E509056228D9,0x8e78afa58aba89eb972fdf18e0b1791ac8970563c8a736db5749092769ce6fe6,49413694
0xE592427A0AEce92De3Edee1F18E0157C05861564,0x1c4C4EE5E104939Cb48A9a978be77aA8bAfaAE92,90165825,-50024547845863152,1866392845089665111949060296068442,8273208007627737,201353,Swap,145,18,0xb9053144479c961a948d3f03973dd865e9f96b81dea1499e16751a5fdef7cc8e,0xA4D8c89f0c20efbe54cBa9e7e7a7E509056228D9,0x5cddc9d9006d7686f73999cb8c14e911c220427015937a120d827cca05465f15,49413928
0x4e90421bC4aB6cB764824Ca3126FfA95Bcb1f5a7,0x4e90421bC4aB6cB764824Ca3126FfA95Bcb1f5a7,64208723,-35607741355149368,1866051848475503999020944691505430,8273208007627737,201350,Swap,238,66,0xcad9c9d57b7d821bdd963fbff4156df2e689377689d94302ec8c0c084e0686e5,0xA4D8c89f0c20efbe54cBa9e7e7a7E509056228D9,0x5a7e3b9a7a12eadae97efb4c5a6dfa590ffc67d27fbe5c723e6d1feccef89bee,49413930
0xE592427A0AEce92De3Edee1F18E0157C05861564,0xC6d5Ad3C4002A1b48d87b83939698660516ae142,90235648,-50019309075929403,1865572839855792612561136199658021,8273208007627737,201345,Swap,267,48,0xaa675d66116617d50e905031ec3b4afc679076cb56cee0e0fd55a60673e5953f,0xA4D8c89f0c20efbe54cBa9e7e7a7E509056228D9,0x2cf752cda43908155dd0b65768c3397fe658dcc87029224ed259d66461fa48e5,49414033
0xE592427A0AEce92De3Edee1F18E0157C05861564,0xC6d5Ad3C4002A1b48d87b83939698660516ae142,113427182,-62838394661246792,1864971069594514690370378221444529,8273208007627737,201338,Swap,198,46,0x4f0ff6a78b13db068aed8d742a6ed8218521295bc0313159d5a3d7b8fe8deea7,0xA4D8c89f0c20efbe54cBa9e7e7a7E509056228D9,0x1840d652343cb6c1b4b2c9a9ede180d625a576233e54a94680ba52a42f6ce1ef,49414043
0xE592427A0AEce92De3Edee1F18E0157C05861564,0xC6d5Ad3C4002A1b48d87b83939698660516ae142,91813328,-50834689822349568,1864484252502173482683026134452954,8273208007627737,201333,Swap,377,55,0x9646f4d2a217167530c38d3969460de5dd44805bb75b3e51bbc08d1ffeff278e,0xA4D8c89f0c20efbe54cBa9e7e7a7E509056228D9,0x6104fe2d025271c4e0890e707436454e3a73b0b208647bc7112f464a18be2223,49414058
0xE592427A0AEce92De3Edee1F18E0157C05861564,0xC6d5Ad3C4002A1b48d87b83939698660516ae142,99177928,-54882471456208289,1863958671933703796712169851234880,8273208007627737,201327,Swap,147,36,0x52f0ed19296bfb6ca3d492f28e9706b56096e72c6de3751975d1c04c03d0391a,0xA4D8c89f0c20efbe54cBa9e7e7a7E509056228D9,0x154bb7cbf3ff953a9fc2c2e8bfc11d2718863b5b8c08014f8d39c48af52c8dc1,49414068
0xE592427A0AEce92De3Edee1F18E0157C05861564,0xC6d5Ad3C4002A1b48d87b83939698660516ae142,99479191,-55018108273221732,1863431792442763969686646191958153,8273208007627737,201322,Swap,286,39,0xb501091de46ef2df753d5f17569190ab9d5ea3e85d06a5b27aec7553c12c3a65,0xA4D8c89f0c20efbe54cBa9e7e7a7E509056228D9,0x9ee83e4c33bc13a786d1583a6227053b402ecaeb963044dbe5ccc96c7cced51d,49414094
0xE592427A0AEce92De3Edee1F18E0157C05861564,0xE898563cAf3b8ed945bd23e9F1A5EcA1f395180e,90492995,-50021180307207411,1862952765903254645214447066704619,8273208007627737,201316,Swap,660,84,0x6e1c1740004345bc5beada010ba9d0f1cf61db8f375ab20d034a7b53e033d68e,0xA4D8c89f0c20efbe54cBa9e7e7a7E509056228D9,0xe2631a916b9d16ec75084415af61ea983f0239fb9aa67db66c6dec0dd9d8b602,49414101
0xE592427A0AEce92De3Edee1F18E0157C05861564,0x693fB96fdDa3c382fDe7F43a622209c3dD028B98,107947644,-59635838434897131,1862381664838850337640771747691371,8273208007627737,201310,Swap,337,73,0x211a61ca59c160fb71453feea36bf3c32e5b02f9345908bb8f922fd81c7e07c9,0xA4D8c89f0c20efbe54cBa9e7e7a7E509056228D9,0x3bde0213a6fca546301c4cd7f1e010a467796740d5a6897d9bfc536aa505d9f5,49414115
0xE592427A0AEce92De3Edee1F18E0157C05861564,0xE898563cAf3b8ed945bd23e9F1A5EcA1f395180e,92904891,-51296178645710329,1861890428310727745906428189758252,8273208007627737,201305,Swap,188,48,0x46ff9ccefa0b828c6de23df1be3b2952960162c47241bf459b4d07ff27b4988f,0xA4D8c89f0c20efbe54cBa9e7e7a7E509056228D9,0xb0d8a9aa289357e34ba9a71721453578bec431ed4b64acaf638b3fd01d3552df,49414131
0xf081470f5C6FBCCF48cC4e5B82Dd926409DcdD67,0xf081470f5C6FBCCF48cC4e5B82Dd926409DcdD67,106249270,-58630937148074038,1861328950657506840049018901630635,8273208007627737,201299,Swap,109,17,0x48a086076e7b1451d5e85e55ebd48e937865251805a8dc5f7cabda2b35ac3dcd,0xA4D8c89f0c20efbe54cBa9e7e7a7E509056228D9,0x9f6c8318a30958dd9db65cb7630b08afb69b852e3cf3cea925a84cdc0bf79176,49414133
0xcc81AC4D68E4333cbA7301C0531FCC3B295e67B7,0xcc81AC4D68E4333cbA7301C0531FCC3B295e67B7,218891264,-120678135427976268,1860173279614691169308232746605093,8273208007627737,201287,Swap,384,115,0x44405aef426debbe6d39de602993175b7e1396710117e3a2b6a035c7879d8865,0xA4D8c89f0c20efbe54cBa9e7e7a7E509056228D9,0x2b58cce5a2e87ace32fa72d7b8fad7098f3ef922062cb77dd5343962b9a21e23,49414138
0xE592427A0AEce92De3Edee1F18E0157C05861564,0x693fB96fdDa3c382fDe7F43a622209c3dD028B98,109050555,-60065347735530737,1859598065365577784796227694175203,8273208007627737,201280,Swap,345,71,0xf5cabb5e3584975d3e95a43512664461124655c110bd896df17ab30ea1056f4a,0xA4D8c89f0c20efbe54cBa9e7e7a7E509056228D9,0xb2b41999fb6996df7e048d3aeffc191569b2c7d412e6296b055db33f892c909a,49414209
0x356E9563ce4007a251f00fa49508494102c6D353,0xC3379226AEeF21464d05676305dad1261D6F3FAC,74655534,-41099059060371974,1859204481289435091037300614532922,8273208007627737,201276,Swap,506,108,0xb8ea55bbe2dacc70d5817423d095cf889ee5997b32d4c69898dc6ef62059fffa,0xA4D8c89f0c20efbe54cBa9e7e7a7E509056228D9,0xb2b41999fb6996df7e048d3aeffc191569b2c7d412e6296b055db33f892c909a,49414209
0x37af74b8096A6fd85bc4A36653a60B8D673BaEFc,0x3cf7A3399439e3C10E2ea7e01272B54A66A04BA6,-149218075,82246540190291616,1859991719338484666060859895190514,8273208007627737,201285,Swap,357,81,0x1abcb841ca3a8e2ca1336588dc28af023366bea939b250f1cbe77f5e443c00ad,0xA4D8c89f0c20efbe54cBa9e7e7a7E509056228D9,0x1566e068016ae2c16717eac28c57555444fbb00e9ad3ae8a78fcb3454334fd0c,49414293
0xE592427A0AEce92De3Edee1F18E0157C05861564,0x1c4C4EE5E104939Cb48A9a978be77aA8bAfaAE92,92452117,-50915339595825057,1859504129905673623281894182013953,8273208007627737,201279,Swap,268,45,0x0b71dc90d447c4c3891fcfb962c04ca592a7777599e790f6807d373236a7d71f,0xA4D8c89f0c20efbe54cBa9e7e7a7E509056228D9,0xbd29feac75ad2c2cdbd5c0aec4fbd7ab5de6d6ccccb9fff4a495c90bab8d0c49,49414411
0xE592427A0AEce92De3Edee1F18E0157C05861564,0x8B26320912935111300DdAeeC15EA9a182FF6F1a,-97467766,53732054500614120,1860018436254106283308620177995646,8273208007627737,201285,Swap,239,49,0x6daf52c5fbf51d69c43be4ffc345544bcd01a789563fa6705541aee5e2051eab,0xA4D8c89f0c20efbe54cBa9e7e7a7E509056228D9,0xab6790098b449d978a9a9936b3c8db28627f2a6e109ec9c65e13e849bd7bab63,49414526
0x37af74b8096A6fd85bc4A36653a60B8D673BaEFc,0xa6AeDF7c4Ed6e821E67a6BfD56FD1702aD9a9719,91081929,-50162384255517843,1859538057478637935427485666735959,8273208007627737,201280,Swap,121,34,0x9115095015315ac772da305a3a862ee1f4961f025e9e8026d659573b291c5243,0xA4D8c89f0c20efbe54cBa9e7e7a7E509056228D9,0x9fdad23f7a76d4aae9c4ce34ad0c36d5f021bddf95eff3b24f7052ceb6a4675e,49414717
0xfc4881fc8d5e251B4f5A15D93586A07961E2E946,0xfc4881fc8d5e251B4f5A15D93586A07961E2E946,-134017847,73891752485573664,1860245326124018152076009232388155,8273208007627737,201287,Swap,234,97,0x865248950c3dc862d1dcccf613209ef07bb585e8e30b745f79ffa77e00d5cef2,0xA4D8c89f0c20efbe54cBa9e7e7a7E509056228D9,0xb4d94fb032f0dcfedb2bf248168a06e1763994bf57e24524f194ce01a947b1e7,49414734
0x92066f4DEefa0a98d0FE2CdcCF8b42506d845613,0xa2b23d291Aa8fd091FEbF928888C760D432C919F,83067369,-45760652459499474,1859807100419251956908557686826936,8273208007627737,201283,Swap,792,107,0x90c6260747dfdf2074cfae44c57f92c030239a7e09c29a24e76e72e7fa5ea7d9,0xA4D8c89f0c20efbe54cBa9e7e7a7E509056228D9,0x895c92ffd1ac1f6cb44425d869175f30765ca983f777eb9a9228cb934113a4f6,49414736
0x3cf7A3399439e3C10E2ea7e01272B54A66A04BA6,0xc4e595acDD7d12feC385E5dA5D43160e8A0bAC0E,64993712,-35789096396923795,1859464367063223694257780109977766,8273208007627737,201279,Swap,60,14,0xd54ab08c3a49bd5e6559f6cddef5ffbd5e042d6f2e9970394a134b12a6e21378,0xA4D8c89f0c20efbe54cBa9e7e7a7E509056228D9,0xed03dc9261e18949adc069524615263008e343824ab37b635630552feb269a7b,49414737
0xE592427A0AEce92De3Edee1F18E0157C05861564,0x1c4C4EE5E104939Cb48A9a978be77aA8bAfaAE92,107906887,-59390318777770513,1858895617211465960990158487564187,8273208007627737,201273,Swap,161,41,0xf87eeac95e4d5228ff4e2421698ba7ae37c3db8332e91e4fc0556d96f9a315b4,0xA4D8c89f0c20efbe54cBa9e7e7a7E509056228D9,0x3b5a1bc9a29d2deb271b094ad1e4f9cebb133d7cc6f060c772f8a14b9ef092c7,49414783
0xE592427A0AEce92De3Edee1F18E0157C05861564,0xE898563cAf3b8ed945bd23e9F1A5EcA1f395180e,96158064,-52893339422943399,1858389085514467721159894036896854,8273208007627737,201267,Swap,490,80,0x79c12e4097fae959a84e02cac145e8b4ecb98b4075c0e7a990d021c78acc11ed,0xA4D8c89f0c20efbe54cBa9e7e7a7E509056228D9,0xb811bb98a848d9483cc68c793bd10c51e41dcd99110fe59f6f3f6c15b96fb510,49414813
0xE592427A0AEce92De3Edee1F18E0157C05861564,0x1c4C4EE5E104939Cb48A9a978be77aA8bAfaAE92,99935946,-54940888413190705,1857862945517520336517438983068744,8273208007627737,201262,Swap,213,61,0x75c03f081587d0eedd3c62a68984ab471f26ead9a1bfe2f51f271439a4f383cf,0xA4D8c89f0c20efbe54cBa9e7e7a7E509056228D9,0x4b316d5c46e76046d56e7ec9ecdf3c1c51ee90694af16c5f6d64b7b0ccac3151,49414838
0xE592427A0AEce92De3Edee1F18E0157C05861564,0x004df5de266316D7Aa68a639Ad73D795a631E2e6,182132161,-100049192418752647,1856904827013904138025331235012355,8273208007627737,201251,Swap,286,30,0x8f390a398b4c93aeec1c28f44bf86b3e4eb011f5556725ad7b334e4e543662ba,0xA4D8c89f0c20efbe54cBa9e7e7a7E509056228D9,0x521fe67b7c234d42a3301140c9a0dbf56e044af7da8080fcffc52359c28ad4fe,49414870
0xE592427A0AEce92De3Edee1F18E0157C05861564,0x004df5de266316D7Aa68a639Ad73D795a631E2e6,182312717,-100045083027647272,1855946747863765578570751815640741,8273208007627737,201241,Swap,278,22,0x25287137d48d999013dbba4b89f8c8ec2e7f1bf43b77f5906269f0e8da9f4c40,0xA4D8c89f0c20efbe54cBa9e7e7a7E509056228D9,0x7106e10668bc7a12d28478ebbd2676414f76f7dc0022791a2486cf58cb0b8b9f,49414887
0x80081C616CC50dcd3a03aFcA441e796733821376,0x80081C616CC50dcd3a03aFcA441e796733821376,249948720,-136993029929111528,1854634837655713487958197963890473,8273208007627737,201227,Swap,140,22,0x8c2256253e451e7cd227ce1f52463f7acc43d7d567f26443f19859c4476d333a,0xA4D8c89f0c20efbe54cBa9e7e7a7E509056228D9,0x91f3bbb3196d1a41a0a9045229ca041236f2d816c033979bc274bd084c321c18,49414901
0x92066f4DEefa0a98d0FE2CdcCF8b42506d845613,0x92066f4DEefa0a98d0FE2CdcCF8b42506d845613,-176735851,96943065544327760,1855562746229270849054220432581808,8273208007627737,201237,Swap,116,25,0xa8b670ce3d28284c8abe8b17c2c8cfdfbe839d426424275c34c323d6ac4b09de,0xA4D8c89f0c20efbe54cBa9e7e7a7E509056228D9,0x6567d5398fb7297ec47025d0cf472409a4de3d2a9fd13cac72551d069ba0de42,49414914
0x66A2995547EE992C0d7bED1a01ec0383ee8FB044,0x66A2995547EE992C0d7bED1a01ec0383ee8FB044,-124814640,68521731845412348,1856218614723807814094659430464401,8273208007627737,201244,Swap,230,45,0xce13c2e3a3284697f125e49488cf476c92b132686664547a098857f6b8cd2242,0xA4D8c89f0c20efbe54cBa9e7e7a7E509056228D9,0x1aad9f5e1664c235e6796510b7304d60a33ffa0d6cf3ebd68664ef15271d6c25,49414920
0x37af74b8096A6fd85bc4A36653a60B8D673BaEFc,0x3cf7A3399439e3C10E2ea7e01272B54A66A04BA6,-171891555,94445719363984400,1857122619484143777425305381294658,8273208007627737,201254,Swap,100,25,0x800cde15764dade4a04b7ba0dbb509c57ee5470f905a1e14ff82e7de841db655,0xA4D8c89f0c20efbe54cBa9e7e7a7E509056228D9,0x48db6d667de055902747df06bd3326663ae358c7cd2e0090481daabb2383454c,49414924
0xCe9cc1fa6Df298854f77e92042fd2A3e7fb27eFF,0xad3b67BCA8935Cb510C8D18bD45F0b94F54A968f,-74953785,41212124335246495,1857517088993545677174145933887454,8273208007627737,201258,Swap,30,5,0xc694246842131be7c5571543aa26d1cd7992d750e173c94db8bfbdf6f2bba09b,0xA4D8c89f0c20efbe54cBa9e7e7a7E509056228D9,0x9bb509c4b73d1087809a49c26bc008ef68a9880c03af8a059da26722e76376e3,49414926
0xCe9cc1fa6Df298854f77e92042fd2A3e7fb27eFF,0xad3b67BCA8935Cb510C8D18bD45F0b94F54A968f,-289368318,159268882169552735,1859041560707290366673907642373876,8273208007627737,201274,Swap,201,46,0x4865bf26af188ad6bc245a9e6c01eee8e42e81366733177cdb889d447e7ffd7b,0xA4D8c89f0c20efbe54cBa9e7e7a7E509056228D9,0xe3f26a4645db12ff866d8ee8090e25159374a584863f80b27d859c9d9cf48747,49414928
0xf081470f5C6FBCCF48cC4e5B82Dd926409DcdD67,0xf081470f5C6FBCCF48cC4e5B82Dd926409DcdD67,-62370190,34362925591361553,1859370471837650259654860564694377,8273208007627737,201278,Swap,963,109,0xa14f9a4cc566d8866482c85ed924b0e8b3b7183653fe05800dd0c365d6d7dd31,0xA4D8c89f0c20efbe54cBa9e7e7a7E509056228D9,0x2570101bf74c2731da352c58bfec109feabc68fdef216cd94c1a2d31fa762803,49414929
0x37af74b8096A6fd85bc4A36653a60B8D673BaEFc,0x3cf7A3399439e3C10E2ea7e01272B54A66A04BA6,-215168533,118640731008373344,1860506063649789149022614126328801,8273208007627737,201290,Swap,391,80,0x705292a2030973f4f09fd0359d584945afd74a842ea7ca6a77c40b40d43ec793,0xA4D8c89f0c20efbe54cBa9e7e7a7E509056228D9,0x4189df991977975f21ae0f7e19d82c8f206bdd8c0a2d9ffcebd85beb24bef1af,49414960
0x92066f4DEefa0a98d0FE2CdcCF8b42506d845613,0x92066f4DEefa0a98d0FE2CdcCF8b42506d845613,-121152351,66865398141734913,1861146078238369204322738294622214,8273208007627737,201297,Swap,606,129,0x6081adaddf1f653aa885e81c5adaceacdd63c5cc6ebe599eafae98b6ae03edef,0xA4D8c89f0c20efbe54cBa9e7e7a7E509056228D9,0x4189df991977975f21ae0f7e19d82c8f206bdd8c0a2d9ffcebd85beb24bef1af,49414960
0xE592427A0AEce92De3Edee1F18E0157C05861564,0xE898563cAf3b8ed945bd23e9F1A5EcA1f395180e,-122517977,67665903398518744,1861793755011828360708334656373199,8273208007627737,201304,Swap,144,38,0xf319ddd3c60b7c34b7fcb031f75555d5b1f9622deca04b3c6df1f8a83dc1f6f6,0xA4D8c89f0c20efbe54cBa9e7e7a7E509056228D9,0x02db5fdb123a0a1ab496e55d4c6f80976c5ddbdcae7b8cc01b5eb2382a3e42fc,49414971
0x1111111254EEB25477B68fb85Ed929f73A960582,0x1231DEB6f5749EF6cE6943a275A1D3E7486F4EaE,-26675584,14739000000000007,1861934832090306019534846498193576,8273208007627737,201305,Swap,536,105,0x9057bb551b2da523ebb779748dc2155691e5e62b0572be94248c3d25edd5dfcf,0xA4D8c89f0c20efbe54cBa9e7e7a7E509056228D9,0x3775c5fe552b832c19f57a3833e1b11e4225b596fb1979921938a9a0359462b6,49414990
0x68b3465833fb72A70ecDF485E0e4C7bD8665Fc45,0x68b3465833fb72A70ecDF485E0e4C7bD8665Fc45,69650000,-38440394137040590,1861566708650040299492312341927705,8273208007627737,201302,Swap,211,52,0x1d9edb8f265153935f97c948049963f39eb66f13fb30adc103a4c254355614ed,0xA4D8c89f0c20efbe54cBa9e7e7a7E509056228D9,0x3100476c22e3dfaecb641801ed04475d9524f26bcc25ff92ead93a3c5672b886,49415008
0xCe9cc1fa6Df298854f77e92042fd2A3e7fb27eFF,0xad3b67BCA8935Cb510C8D18bD45F0b94F54A968f,-95803954,52931824188920954,1862073355445281905983613096660224,8273208007627737,201307,Swap,1074,107,0x2472331a52b14a4b21f065e703a942f88bcf6703449a79e5d226b8a19dab7650,0xA4D8c89f0c20efbe54cBa9e7e7a7E509056228D9,0x8bb0653b3fd228ed8c77986cb8ca9975d95e804021bce4c352f71c044ac5deb5,49415094
0xCe9cc1fa6Df298854f77e92042fd2A3e7fb27eFF,0xad3b67BCA8935Cb510C8D18bD45F0b94F54A968f,-38335793,21188653745903550,1862276166583578043682115514855347,8273208007627737,201309,Swap,169,35,0xe1fbddf5c48d007b190e9364e48992927cfb53c0333b38f41e87a917cc607951,0xA4D8c89f0c20efbe54cBa9e7e7a7E509056228D9,0x3ad364fc57dc5bef3649e2a9338f461c4ec3f7efaae5bd4248c9746d3f59f8b2,49415103
0x92066f4DEefa0a98d0FE2CdcCF8b42506d845613,0x92066f4DEefa0a98d0FE2CdcCF8b42506d845613,-114498908,63312410994693752,1862882173095180472362556331600468,8273208007627737,201316,Swap,484,115,0xa7ecaea80c5b8298eea2951612160c0b1727ff16b29fe7c406cf101769d2d31a,0xA4D8c89f0c20efbe54cBa9e7e7a7E509056228D9,0x928e6e8ff3c2a2855b8e972b84254da3988e54d1d58de11ab41bca99506e9b28,49415104
0xCe9cc1fa6Df298854f77e92042fd2A3e7fb27eFF,0xad3b67BCA8935Cb510C8D18bD45F0b94F54A968f,-153899031,85163733342458440,1863697333600791735947457581846383,8273208007627737,201324,Swap,106,24,0xf037efd009c693f29898a00964edcb7aa7af56203fc15d0f357291eba6c2e31c,0xA4D8c89f0c20efbe54cBa9e7e7a7E509056228D9,0xfb04c4846820f956ca95717b408730dfd47b6a98f452559c8ad93cf857f4aa15,49415146
0x66A2995547EE992C0d7bED1a01ec0383ee8FB044,0x66A2995547EE992C0d7bED1a01ec0383ee8FB044,-147665300,81784242427788482,1864480146680866434739877275517383,8273208007627737,201333,Swap,138,32,0xeb8902175d96c986b4f4728c4aba84b72be27bcaec9df340de76d7c64b113c86,0xA4D8c89f0c20efbe54cBa9e7e7a7E509056228D9,0xfb04c4846820f956ca95717b408730dfd47b6a98f452559c8ad93cf857f4aa15,49415146
0x37af74b8096A6fd85bc4A36653a60B8D673BaEFc,0x3cf7A3399439e3C10E2ea7e01272B54A66A04BA6,-174728875,96862159427766896,1865407280846488699853859137764018,8273208007627737,201343,Swap,378,124,0x7dc573b6ec8512d888c6ea4ea439f1a03ceca732a986c90332bce40bf90039ea,0xA4D8c89f0c20efbe54cBa9e7e7a7E509056228D9,0xdd14cd0bd65bc204af972aa1f1d91a271f99e849698cd1a55ef278d3bb789833,49415154
0x80081C616CC50dcd3a03aFcA441e796733821376,0x80081C616CC50dcd3a03aFcA441e796733821376,-375529557,208503755624415710,1867403013304261430775774754706755,8273208007627737,201364,Swap,273,64,0x25321e849f9d29d64325e0b1434c2bf11dfa40d0af17fe5e8eb4bb38608c3a9b,0xA4D8c89f0c20efbe54cBa9e7e7a7E509056228D9,0x2b95a677458bd628953719f914dc1af3c6baab3d0e6406a0329d4b57f100762a,49415162
0xCe9cc1fa6Df298854f77e92042fd2A3e7fb27eFF,0xCe9cc1fa6Df298854f77e92042fd2A3e7fb27eFF,172312229,-95631903369293554,1866487196854982601335681525830247,8273208007627737,201354,Swap,247,39,0xc754826f5d1d4f5d9dd70fe65720e51af39cd5c57e75166a9fab5342cd897012,0xA4D8c89f0c20efbe54cBa9e7e7a7E509056228D9,0x3732d71bac03c27b0d630f7af4ca05626c52cd9e0eda62a24dffca199ec6281b,49415203
0xf081470f5C6FBCCF48cC4e5B82Dd926409DcdD67,0xf081470f5C6FBCCF48cC4e5B82Dd926409DcdD67,1894623,-1050978827065274,1866477132183426778271530417236149,8273208007627737,201354,Swap,141,18,0xa5b365aa6c66d7b940c907e3ea4335d7291b4fe7c73226b138a4e185df18a462,0xA4D8c89f0c20efbe54cBa9e7e7a7E509056228D9,0xd1624ac94f483b47d38a6c8e3c4647f5332f379dd231e255e2030951ea4e8e09,49415216
0xE592427A0AEce92De3Edee1F18E0157C05861564,0xE898563cAf3b8ed945bd23e9F1A5EcA1f395180e,-105904971,58823480780603784,1867040172064993661528759200467249,8273208007627737,201360,Swap,116,27,0x81e88c9495e0ddce6e5f5a58ce3e62c0d2358074e81e45379c8dfaf5be45ee7e,0xA4D8c89f0c20efbe54cBa9e7e7a7E509056228D9,0x068fef28d78238053e09e35244a1db7945d158adc1a2dc2a3a42bc744b85952f,49415275
0x6d8e9Bd8f845F51a224E216B6Dd25D5e593D8dD3,0x6d8e9Bd8f845F51a224E216B6Dd25D5e593D8dD3,6000000,-3330234287524761,1867008280162469353662402398117642,8273208007627737,201360,Swap,257,59,0x6cf56fde59b1b4eb7e9910db45c715bafaf6bc1e3d07455bbfee3fc915b1272e,0xA4D8c89f0c20efbe54cBa9e7e7a7E509056228D9,0xb652fa506470ad33f3bc9504f8829436e31ac03eb301f86d6e930c5a3da5fb68,49415345
0xE592427A0AEce92De3Edee1F18E0157C05861564,0x693fB96fdDa3c382fDe7F43a622209c3dD028B98,-91793699,51012541699878088,1867496556188572789536678682464014,8273208007627737,201365,Swap,198,41,0xc5e17a282a69f429b8454cf83b0fc99cac5b591839a3008089f69b6c642402d3,0xA4D8c89f0c20efbe54cBa9e7e7a7E509056228D9,0x33cf3ebae83d3657099405a50511538f96d9f51a907c8e2643e608f7234a2e23,49415418
0xE592427A0AEce92De3Edee1F18E0157C05861564,0xE898563cAf3b8ed945bd23e9F1A5EcA1f395180e,-89936081,50006091683244344,1867975198791243124138296592767472,8273208007627737,201370,Swap,144,36,0x8ef1f6fa713e6174b4f9488d833daaa5e5f5b382592aa534b3eabc04e7ef482e,0xA4D8c89f0c20efbe54cBa9e7e7a7E509056228D9,0xfbf7e827331c953a8e714dcaea93960a1d005534f572b955c313a2d4cc43fd65,49415423
0x6d8e9Bd8f845F51a224E216B6Dd25D5e593D8dD3,0x6d8e9Bd8f845F51a224E216B6Dd25D5e593D8dD3,-24192640,13455921790890288,1868103994648118262734395794034942,8273208007627737,201372,Swap,68,22,0xe2c16948eb1834ef4342790b8cbf01e7fe8c48d5503850013a6a79672fd4337b,0xA4D8c89f0c20efbe54cBa9e7e7a7E509056228D9,0xa25198fa8e2d4de90d5cae6e608185c43405412d5ad14767491f0d72f99de5b8,49415487
0xE592427A0AEce92De3Edee1F18E0157C05861564,0x1c4C4EE5E104939Cb48A9a978be77aA8bAfaAE92,94378347,-52430180103231634,1867601898384366508119805781248200,8273208007627737,201366,Swap,94,30,0x707de7a65a9bb2b2df637d20a89827d43f607be7f5d3fdefc4ef0be6d2ce2ddd,0xA4D8c89f0c20efbe54cBa9e7e7a7E509056228D9,0x508d2486d236e370e8a6bb9a251eb9592cfba5020186e074f4eb85c2f076e491,49415494
0xE592427A0AEce92De3Edee1F18E0157C05861564,0xE898563cAf3b8ed945bd23e9F1A5EcA1f395180e,90092586,-50023017082788668,1867122854255023334454040315563032,8273208007627737,201361,Swap,372,41,0xb05266116e1b56c9237010e8866c4396ac97ebb3f016b5222de2ecc0946a1a44,0xA4D8c89f0c20efbe54cBa9e7e7a7E509056228D9,0x68f9622db7bbd548d6d609fb5d57a5eb6695717d9eab3d794f1b5b84570c710e,49415510
0x643770E279d5D0733F21d6DC03A8efbABf3255B4,0x643770E279d5D0733F21d6DC03A8efbABf3255B4,54336002,-30157123387514039,1866834055342859419075405821660599,8273208007627737,201358,Swap,404,50,0xfae74a3fb006dfa67507362a1a99efd65c439a5935ba60e071982afa9a716add,0xA4D8c89f0c20efbe54cBa9e7e7a7E509056228D9,0x68f9622db7bbd548d6d609fb5d57a5eb6695717d9eab3d794f1b5b84570c710e,49415510
0xE592427A0AEce92De3Edee1F18E0157C05861564,0xC6d5Ad3C4002A1b48d87b83939698660516ae142,-104516439,58074484094280728,1867398505706712963515801627582152,8147455278485915,201364,Swap,201,47,0x8651e1736669f716220981661260a626800975ad837bd348f818c2408ca1c2c1,0xA4D8c89f0c20efbe54cBa9e7e7a7E509056228D9,0x09735512f8ca5f019dc90fb546066de957a4aa8684bec8b4a1b709b0fde4763c,49415611
0xCe9cc1fa6Df298854f77e92042fd2A3e7fb27eFF,0xad3b67BCA8935Cb510C8D18bD45F0b94F54A968f,-88824157,49382691453133460,1867878476878106177606537604906704,8147455278485915,201369,Swap,121,8,0x5e6234255c9e4ec2c8d96bfb4e7e1732a45081a85d7f734e6dcaf99021b0d707,0xA4D8c89f0c20efbe54cBa9e7e7a7E509056228D9,0xab552896fc06b7c988144ee572db9ba7a45e30342b1878358c9b9296def403d4,49415614
0xE592427A0AEce92De3Edee1F18E0157C05861564,0x8B26320912935111300DdAeeC15EA9a182FF6F1a,-92769107,51603035390985072,1868380028507133173388822365038952,8147455278485915,201375,Swap,226,53,0xee9ac860423795d93614f93a19584bb32004f34aa4cbf1a901e5c29a19170f65,0xA4D8c89f0c20efbe54cBa9e7e7a7E509056228D9,0x5aa878621f2b4870bf4c544fd8317bdcb14835485b64a8937cbc12f9a619152c,49415637
0xf081470f5C6FBCCF48cC4e5B82Dd926409DcdD67,0xf081470f5C6FBCCF48cC4e5B82Dd926409DcdD67,-247281977,137686666559460427,1869718263194007005066032057012853,8147455278485915,201389,Swap,39,1,0x7cf7a1d0182ce1420ccdf4d6c0597bb4460694d4c4e6032ecba2d23b1231d986,0xA4D8c89f0c20efbe54cBa9e7e7a7E509056228D9,0x15f07ce0948f600922e381c34830780d65159ca8a0a667af73bbbeab61beda97,49415656
0xE592427A0AEce92De3Edee1F18E0157C05861564,0xE898563cAf3b8ed945bd23e9F1A5EcA1f395180e,91285952,-50800169448993527,1869224267959509077729496208217970,8147455278485915,201384,Swap,668,46,0xd2a6ded113c20ef38d2cc20470b07de4e4616886ae3ae479b9705f772e1fc28c,0xA4D8c89f0c20efbe54cBa9e7e7a7E509056228D9,0x80f27940e9767d1d3370fa1edab6e34a18bb147518d2a7a02e3c7d769b1b75ae,49415717
0xE592427A0AEce92De3Edee1F18E0157C05861564,0xC6d5Ad3C4002A1b48d87b83939698660516ae142,95536649,-53136920651613255,1868707549494541211153830286928671,8147455278485915,201378,Swap,194,39,0xa51e338556f1c4a6cf6632e23b0e7bf86e45b20be2c15ab00ad422dc621087f4,0xA4D8c89f0c20efbe54cBa9e7e7a7E509056228D9,0x4aa82948df0ba140cc757d810a7382d87933e2a40f7b2ab4352375e215cd4b3c,49415738
0xE592427A0AEce92De3Edee1F18E0157C05861564,0x693fB96fdDa3c382fDe7F43a622209c3dD028B98,102577396,-57020247412732868,1868153068460377241894111661584645,8147455278485915,201372,Swap,203,43,0x604ed0cedf534060a976e9d3d7fc66b426d2cd6cf6c094b741ecb1f06d32be36,0xA4D8c89f0c20efbe54cBa9e7e7a7E509056228D9,0x9fda54e42a38bf4a01c5df40c1d9abde84b3a4e32fa4dd6f59865458b81c3cc9,49415763
0xE592427A0AEce92De3Edee1F18E0157C05861564,0x1c4C4EE5E104939Cb48A9a978be77aA8bAfaAE92,90036865,-50021587506866130,1867673771687700033277794511278368,8268610785920148,201367,Swap,288,83,0xa7ccb2c693b2dbcd6f6a8d499751feb07ea213920f6f068ccda480d926c9be08,0xA4D8c89f0c20efbe54cBa9e7e7a7E509056228D9,0x8b32a1c22da68027a16f345dae69eea9d0da126ca24442af077c4fe68d1198dc,49415913
0xE592427A0AEce92De3Edee1F18E0157C05861564,0xE898563cAf3b8ed945bd23e9F1A5EcA1f395180e,99487388,-55242153076533720,1867144452507622260484764120320856,8268610785920148,201361,Swap,34,11,0x3f7185388e2ecfd6793a431beef7ba047960ba9a5da19621ef2549eda1a79f5c,0xA4D8c89f0c20efbe54cBa9e7e7a7E509056228D9,0x8545c56e0b8a2ff389cf7deb00162422fe39413055085fe980b891cb90e8e245,49415941
0xE592427A0AEce92De3Edee1F18E0157C05861564,0xE898563cAf3b8ed945bd23e9F1A5EcA1f395180e,98274139,-54537741100436963,1866621882861167985888334071219087,8268610785920148,201356,Swap,358,72,0x3cd4bee135ff65f8c11700ad5efc26207eba8547cfd1b71498b140e452de96f4,0xA4D8c89f0c20efbe54cBa9e7e7a7E509056228D9,0x6f2e3dc867c4fce88b5e5c10f5664320d4d5dae8ce487217cf4e970706a1f395,49415968
0xE592427A0AEce92De3Edee1F18E0157C05861564,0xE898563cAf3b8ed945bd23e9F1A5EcA1f395180e,93509035,-51864986582585292,1866124923009972386249931864343259,8268610785920148,201350,Swap,938,85,0xd7775321054a682aac7fb8b193e0cfa95fc77effab7bd6f7765db9595f89f244,0xA4D8c89f0c20efbe54cBa9e7e7a7E509056228D9,0xcb7dad0cf91fb97f2fb6f0622842f43696979306675c5e2251e971317a5d0a8b,49415982
0xE592427A0AEce92De3Edee1F18E0157C05861564,0xE898563cAf3b8ed945bd23e9F1A5EcA1f395180e,98479406,-54591964551527941,1865601833805335201955395397673168,8268610785920148,201345,Swap,563,34,0xe4ff6f4007384d3e27e41aa1fb000ed7ca638dc9e45a43cb2f7f66c55cb9b813,0xA4D8c89f0c20efbe54cBa9e7e7a7E509056228D9,0xf38040c8911711fa27fb1bf014e31a33f6beb60a3b04229a80a35986ef3ab6e5,49415989
0xE592427A0AEce92De3Edee1F18E0157C05861564,0x1c4C4EE5E104939Cb48A9a978be77aA8bAfaAE92,-112414461,62381698279539120,1866199263804574524212340921317450,8268610785920148,201351,Swap,116,31,0xa8e10338395fd6aefe23f316506d2e2dbffb673cf00a9716f6494f4c61238993,0xA4D8c89f0c20efbe54cBa9e7e7a7E509056228D9,0x503aa2ed347d677e4eac3f0663889a5958049d05cbfe3b482a78b6190be97e27,49416298
0xE592427A0AEce92De3Edee1F18E0157C05861564,0x1c4C4EE5E104939Cb48A9a978be77aA8bAfaAE92,90435442,-50137942599747757,1865718852140841627577360742205671,8268610785920148,201346,Swap,136,27,0xe423d316e53b62243b09506f6d58d92a84c29dda321a8907031d901f389b3dec,0xA4D8c89f0c20efbe54cBa9e7e7a7E509056228D9,0x2dcfb6966ddf6ab576d38efecef0009b7b56f889e2d7994611fe5a8681196877,49416451
0x37af74b8096A6fd85bc4A36653a60B8D673BaEFc,0xa6AeDF7c4Ed6e821E67a6BfD56FD1702aD9a9719,110897986,-61447273214879774,1865130076749863403370244265141356,8268610785920148,201340,Swap,51,19,0xfe0620fa3838ed24ca4c9b03163191da74424bba52ea26ebfad315a631c27b5c,0xA4D8c89f0c20efbe54cBa9e7e7a7E509056228D9,0xd1cf835d375cd507ccfba81d0f45a4a7d77f5a4fbd2da5ec72c8bbe61d9ffa20,49416623
0xE592427A0AEce92De3Edee1F18E0157C05861564,0xDEF171Fe48CF0115B1d80b88dc8eAB59176FEe57,129100000,-71483960457144043,1864445131844014675215950332029067,8268610785920148,201332,Swap,20,6,0xf5319c6b6ca8baee6712c71a5dedae3d35c1603110ab5e0f29ccf0d715be9290,0xA4D8c89f0c20efbe54cBa9e7e7a7E509056228D9,0x0cae6aa8cf402398e7ca087b8019109b47960df5eccfa6481a88f2cf71acb33a,49416672
0x68b3465833fb72A70ecDF485E0e4C7bD8665Fc45,0x2F2dD99235Cb728fc79Af575f1325Eaa270f0C99,-20039703,11103842934437418,1864551473432314305442644937672604,8268610785920148,201334,Swap,230,65,0x7ac2e4ddbaa908f520d9042b45d95feef3c238b830f59fc2abc4c329605b1c36,0xA4D8c89f0c20efbe54cBa9e7e7a7E509056228D9,0xf792b2a74892e75e26907cbcd8cdf7a120b55a7901e326acaf0c5471d6fec803,49416871
0xf081470f5C6FBCCF48cC4e5B82Dd926409DcdD67,0xf081470f5C6FBCCF48cC4e5B82Dd926409DcdD67,-10077730,5584470368943103,1864604955947543679933569254954903,8268610785920148,201334,Swap,968,20,0xe583cd628a1951e3285dfacbb185ce61325f4058509ee743f95e4b875dbd10a1,0xA4D8c89f0c20efbe54cBa9e7e7a7E509056228D9,0x48d660598b0dd747b6de6807a51398eec9518cc6093b074650448a934ac6db66,49416908
0xf081470f5C6FBCCF48cC4e5B82Dd926409DcdD67,0xf081470f5C6FBCCF48cC4e5B82Dd926409DcdD67,-87695170,48608900072746161,1865070483753525360602187895959478,8268610785920148,201339,Swap,25,4,0x1f1435cc76eeb44ab9b7d70386894dca70748c9d865eb08cfe7d2ad3c5e8d1c2,0xA4D8c89f0c20efbe54cBa9e7e7a7E509056228D9,0x20b19e7621c9d0c5d9df15eab8559089c6fe4761818686f131ea85c104505e2e,49417286
0xE592427A0AEce92De3Edee1F18E0157C05861564,0xC6d5Ad3C4002A1b48d87b83939698660516ae142,-120697214,66941438151258816,1865711582416222447434899762545969,8268610785920148,201346,Swap,202,41,0xc2e669a13326e98b3e84ebf8f3935adf0e42da10c59f946d2f6fa58abe7f65d0,0xA4D8c89f0c20efbe54cBa9e7e7a7E509056228D9,0xff6283450694907a0139b37c025cb893edf056b0a649374f0bdab66c7f6e2e24,49417310
0xCe9cc1fa6Df298854f77e92042fd2A3e7fb27eFF,0xad3b67BCA8935Cb510C8D18bD45F0b94F54A968f,-177758024,98672511100577436,1866656569806075141913028568214803,8268610785920148,201356,Swap,362,57,0xbb3cd7d9355bfe59c1677d43cf0c87a61d1b887e9e3884162ec7723965834d0f,0xA4D8c89f0c20efbe54cBa9e7e7a7E509056228D9,0x5362bc18ad4f58b3a594673f95373f3613a4dfba042be8bb1a9cf3329127da6a,49417314
0xCe9cc1fa6Df298854f77e92042fd2A3e7fb27eFF,0xad3b67BCA8935Cb510C8D18bD45F0b94F54A968f,-179930581,99980333553440710,1867614082221513354110031346794659,8268610785920148,201366,Swap,54,2,0x3b17604ea9d07a45d77364cf68c24bfbdd957b085e297628e1ad34b70b673c0d,0xA4D8c89f0c20efbe54cBa9e7e7a7E509056228D9,0x437b4dd7730f0003bc2771171e42d0e77b174100eac3cfa02fd9f171bc987e83,49417318
0xCe9cc1fa6Df298854f77e92042fd2A3e7fb27eFF,0xad3b67BCA8935Cb510C8D18bD45F0b94F54A968f,-229170482,127489619063057605,1868835051273663158934158473435860,8268610785920148,201379,Swap,75,14,0x88d6311812ff2eaad39bb72266df9aada2ffe8d3359764c216071019ae39f7ac,0xA4D8c89f0c20efbe54cBa9e7e7a7E509056228D9,0xbdc3bc41e5048863c5a66c1bea71670c38f9663ac73e61c2175b840b46116042,49417336
0xCe9cc1fa6Df298854f77e92042fd2A3e7fb27eFF,0xad3b67BCA8935Cb510C8D18bD45F0b94F54A968f,-137360759,76494968741822322,1869567644171542445828280684796084,8268610785920148,201387,Swap,463,59,0x42ce08ae62a320132a021547e4fead367719976ce30bfa429cc1abc19f54f2dd,0xA4D8c89f0c20efbe54cBa9e7e7a7E509056228D9,0x77716233574aca1ec911e86eaba57e78d7e1c99dca108d081d7d0bae420e6e89,49417359
0xCe9cc1fa6Df298854f77e92042fd2A3e7fb27eFF,0xad3b67BCA8935Cb510C8D18bD45F0b94F54A968f,-114350984,63726792478589135,1870177956148164208855445823841583,8268610785920148,201394,Swap,106,15,0x90538eef182e8c0870e3ad0d55e55ff2b4fe833e07408bf83d7b63e30324f696,0xA4D8c89f0c20efbe54cBa9e7e7a7E509056228D9,0x88f7da2d7bf4de41f764b8ff0a9b8a33556c6785084c4a26fb715cd16d763f8c,49417362
0xCe9cc1fa6Df298854f77e92042fd2A3e7fb27eFF,0xad3b67BCA8935Cb510C8D18bD45F0b94F54A968f,-242231666,135131078445866166,1871472107514985879621415165919512,8268610785920148,201408,Swap,68,4,0x5582f96d27acd63db63f09041f8c417cfda5dd5cf8acb04e736e51ddc084e944,0xA4D8c89f0c20efbe54cBa9e7e7a7E509056228D9,0x143502ca24145c17cbb7dbdbd630fd92aa66a3a33b712fddab3fc88e64aa8564,49417363
0xb23B5E9b178ECD64Bce7EeeE567DAd2ef005b084,0xb23B5E9b178ECD64Bce7EeeE567DAd2ef005b084,37768173,-21060539052334763,1871270309673259229112277200617061,8268610785920148,201405,Swap,310,48,0xc1f2128ca1d186cfcc495dbaa25d61e710ed16a1607044190659982403a49b74,0xA4D8c89f0c20efbe54cBa9e7e7a7E509056228D9,0xad589e5c8ac0f8b6586f50c88b203b4f5d309ab92df7645806d7d9544982a913,49417371
0xCe9cc1fa6Df298854f77e92042fd2A3e7fb27eFF,0xad3b67BCA8935Cb510C8D18bD45F0b94F54A968f,-125153213,69876054838912947,1871939513182310714729044527946949,8268610785920148,201413,Swap,275,60,0xbaed34cfb829bcf765e060d682b618fe917bec5b245fa102d6323a5b147500f2,0xA4D8c89f0c20efbe54cBa9e7e7a7E509056228D9,0x1db0fc7f1b010fdd603ba2a003c844a13d05979a58af24865098188244e4c6e2,49417408
0xE592427A0AEce92De3Edee1F18E0157C05861564,0x693fB96fdDa3c382fDe7F43a622209c3dD028B98,-137837968,77016115349287552,1872677097105216385825785908725850,8268610785920148,201421,Swap,275,54,0xf80cae35ee5521f64c3d08685ee39740bcf22a72e43b3ede8a26ff5329326585,0xA4D8c89f0c20efbe54cBa9e7e7a7E509056228D9,0x7a9277308eaa83412ba024c5f71de0108527d8c843e0ee0f20026fde186b1953,49417457
0xCe9cc1fa6Df298854f77e92042fd2A3e7fb27eFF,0xad3b67BCA8935Cb510C8D18bD45F0b94F54A968f,-255906778,143147391520126465,1874048020763366141968006858112285,8268610785920148,201435,Swap,184,27,0x06a5530db17b2be33cf7c5db0a7c47f911b31d65e3c4c8d042465242ed2c48bd,0xA4D8c89f0c20efbe54cBa9e7e7a7E509056228D9,0x21b9738519bc8c3f9ec6852872d70381557af356d6f174d99a322aced6be1f4b,49417463
0xCe9cc1fa6Df298854f77e92042fd2A3e7fb27eFF,0xCe9cc1fa6Df298854f77e92042fd2A3e7fb27eFF,28168257,-15751069418388418,1873897097189870758888136927352173,8268610785920148,201434,Swap,415,74,0x13b12f9b84e055df4f04230b010825dda71a6af7d9f8da253d6add8acdbc5145,0xA4D8c89f0c20efbe54cBa9e7e7a7E509056228D9,0x0a6180948580a7b13dca451b446eb645b68e998236c59825243b5639d646dc1e,49417630
0xE592427A0AEce92De3Edee1F18E0157C05861564,0xC6d5Ad3C4002A1b48d87b83939698660516ae142,97953610,-54753759707885913,1873372457696645341839907572725122,8268610785920148,201428,Swap,182,46,0x418dd7bf3a30fbe6eda2554af6b42776b320a4444da66515aa05c7f93f91b3f7,0xA4D8c89f0c20efbe54cBa9e7e7a7E509056228D9,0xd7a573852c0df015c1f0d08964100b1ae8889864774a34168f247b60bbeac334,49417702
0x92066f4DEefa0a98d0FE2CdcCF8b42506d845613,0x92066f4DEefa0a98d0FE2CdcCF8b42506d845613,6801086,-3800508323939444,1873336041991647034700719556101690,8268610785920148,201428,Swap,111,37,0xfdc1dcba32d263428403983a590c3ff9242477761903410c7d895318d6346077,0xA4D8c89f0c20efbe54cBa9e7e7a7E509056228D9,0x73393a4c11d515779915737a97b3c59eeba13dd3e77911ae1f154a8a3c1a6901,49417767
0x66A2995547EE992C0d7bED1a01ec0383ee8FB044,0x111111115F51Ac6C670138c5EB879B5b071e22F0,71880568,-40158482141630447,1872951251507269529311487393535068,8268610785920148,201423,Swap,152,39,0xc52390823e7ec02a1c7c0681d83bcd42d140b344e291b7342b792a624ae645bc,0xA4D8c89f0c20efbe54cBa9e7e7a7E509056228D9,0x8a091af2ed06d6553d49e6bf2964718a3838dee45f2da5632436a1e57f8d20fb,49417783
0xf96C4D04400e1A9c7FdC9F3aB60D7B24f64787E8,0xf96C4D04400e1A9c7FdC9F3aB60D7B24f64787E8,143357287,-80042100521649866,1872184304227696174363916930390517,8268610785920148,201415,Swap,73,14,0x4e9e677c44df26a65bdafd1f807abb4c39fb8acf7937f6df6602f556ab0374a5,0xA4D8c89f0c20efbe54cBa9e7e7a7E509056228D9,0xa1e10eb901a881865e087915a16da4b6ec07e5bed1734a4e4c6f4cb7ba742e5a,49417839
0x37af74b8096A6fd85bc4A36653a60B8D673BaEFc,0xa6AeDF7c4Ed6e821E67a6BfD56FD1702aD9a9719,119512428,-66678476047645981,1871545404505205669499737724941271,8268610785920148,201408,Swap,97,39,0x062f146a9a8b3f08cb04e28221760a64b18d5bd5ae76bcb6f1f6d5fcf15a5ede,0xA4D8c89f0c20efbe54cBa9e7e7a7E509056228D9,0xbc0f05aa1a5a861f51b98fb88d1d9ab43e71ca0ff9232ac44c2ee05ddbf1f5f9,49417842
0xE592427A0AEce92De3Edee1F18E0157C05861564,0xE592427A0AEce92De3Edee1F18E0157C05861564,6881822,-3838126302554078,1871508628352315896310801014802860,8268610785920148,201408,Swap,272,82,0x4493a5dbd858d765d6a3758ceb5e10bbe0f77758ab41058ee23b76c98c5de63b,0xA4D8c89f0c20efbe54cBa9e7e7a7E509056228D9,0x790b3f6c0d90d7c34d1f2feaae1196ffa52291f79404fa42d030297b95d1d7a6,49417936
0xCe9cc1fa6Df298854f77e92042fd2A3e7fb27eFF,0xad3b67BCA8935Cb510C8D18bD45F0b94F54A968f,-81999726,45788440684879360,1871947144597272145868285618704898,8268610785920148,201413,Swap,176,42,0x21da8351795b7e94d7e4eabea3853f23ad63ee8b92f457b34aa0fa284d84e158,0xA4D8c89f0c20efbe54cBa9e7e7a7E509056228D9,0x499b91f53db2ad371b5a4f4a0c4be021eb3765cf60bc66b399efc0a28cc68ca6,49418062
0xE592427A0AEce92De3Edee1F18E0157C05861564,0xdB6f1920A889355780aF7570773609Bd8Cb1f498,100002284,-55782334955209643,1871412649503273757442314927615643,8268610785920148,201407,Swap,690,61,0x96f95d79a2b608f91f31dfc1dec11605d82ecbe87655a8706144d6e6c0ba2717,0xA4D8c89f0c20efbe54cBa9e7e7a7E509056228D9,0xcf0b70e692b7f3fe6324ebe6bb2c89c1455395ebdcbb1563af791075ed973284,49418235
0xf081470f5C6FBCCF48cC4e5B82Dd926409DcdD67,0xf081470f5C6FBCCF48cC4e5B82Dd926409DcdD67,-94554509,52795477785784470,1871918272195879199959267472173262,8268610785920148,201412,Swap,615,63,0x02a440e28f26a3efd6c5d968f1e453d525e9de56e250dcf92e1a552f8e94ab2a,0xA4D8c89f0c20efbe54cBa9e7e7a7E509056228D9,0xdc189b56b1d5b6208ef2544eedb147780364060ccfafe3d7f14ad8730917ed78,49418551
0x643770E279d5D0733F21d6DC03A8efbABf3255B4,0x45C56e138881FD3Ff46359ba1826d5FC6FCcaEDc,-59375388,33167440372630395,1872235917024780726283795807133046,8268610785920148,201416,Swap,255,42,0xd2b4378cfbd786f97bc5895558593d9f383bc5c92c61901b8c231626b2b06166,0xA4D8c89f0c20efbe54cBa9e7e7a7E509056228D9,0xa176b6c36df9c3368e34c51f1d0ed58f24ddd648c1378b639591de3f202e4d83,49418951
0xb23B5E9b178ECD64Bce7EeeE567DAd2ef005b084,0xb23B5E9b178ECD64Bce7EeeE567DAd2ef005b084,-305380808,170765492682495518,1873871339447976729113357268838120,8268610785920148,201433,Swap,47,10,0xbfbe8b9563c9f01192bd9f737f7e119aa27a382b093bad98f7d9a112551c3e7d,0xA4D8c89f0c20efbe54cBa9e7e7a7E509056228D9,0x112b3ee926deb5704d03bda68a616ad80c775de203bd89225724eb46dd48d472,49419114
0xf081470f5C6FBCCF48cC4e5B82Dd926409DcdD67,0xf081470f5C6FBCCF48cC4e5B82Dd926409DcdD67,-117137423,65581112221666504,1874499410258892035796759464378067,8268610785920148,201440,Swap,207,34,0xd6d0d0240ce18091ae1d24fccac15e48279c5ac3d6eda6d34b171402aa0bd5f9,0xA4D8c89f0c20efbe54cBa9e7e7a7E509056228D9,0x50d3973f70a014fc24a9b1bc1ff0f537f7082972d209fcfbf5cddf770aa6a34d,49419116
0x92066f4DEefa0a98d0FE2CdcCF8b42506d845613,0xa2b23d291Aa8fd091FEbF928888C760D432C919F,104105829,-58229090654315459,1873941470844779856237276678332258,8268610785920148,201434,Swap,410,34,0x24c96f12f0ee19a0564952bf9f545dbac8f257f56a5a8556d3436d0394a3a81a,0xA4D8c89f0c20efbe54cBa9e7e7a7E509056228D9,0x7c27f3371961160236a4771073e03d06aa2a93e0c6a13320fa348914551b81a4,49419118
0xE592427A0AEce92De3Edee1F18E0157C05861564,0x8B26320912935111300DdAeeC15EA9a182FF6F1a,146464440,-81862696211258273,1873157078984139185710117110775107,8268610785920148,201426,Swap,156,37,0xb6ab4aa21e4aa46762799440631faf1547f0907cf217c47376117b64ab485099,0xA4D8c89f0c20efbe54cBa9e7e7a7E509056228D9,0xd87d0bff9c238a62e281dfaefa643f2cdcef2aa6f127ab6e8c6b83bb48a03014,49419150
0x3cf7A3399439e3C10E2ea7e01272B54A66A04BA6,0x3cf7A3399439e3C10E2ea7e01272B54A66A04BA6,153251484,-85582810844259012,1872337041734648315916992626155079,8268610785920148,201417,Swap,231,48,0x472a1513de70933c9077fb4ef74dfaddab8e7c9d8e844bd1e3940edf04c3db6e,0xA4D8c89f0c20efbe54cBa9e7e7a7E509056228D9,0x0119d3dcbd2e3203731b03a45d2989d8db0ca92a301d1b98bbc138dbcd3fac0d,49419214
0xbADffFfffFF3f678866b558e3Fd0a2A4Deb4DC48,0xbADffFfffFF3f678866b558e3Fd0a2A4Deb4DC48,50277876,-28061200079159864,1872068164969520767513895424368831,8268610785920148,201414,Swap,316,63,0xeabf475c6897f60f69718ca92f2c34fd2543256100a893e4df6513d8345159e9,0xA4D8c89f0c20efbe54cBa9e7e7a7E509056228D9,0x21ac758567e9a503b38ce394fbd79c6d7df0a8eb893995c67f373ed879b339a2,49419270
0xf081470f5C6FBCCF48cC4e5B82Dd926409DcdD67,0xf081470f5C6FBCCF48cC4e5B82Dd926409DcdD67,80823850,-45092699447087852,1871636095809114254747169790393757,8268610785920148,201409,Swap,448,118,0x4dba7d8c988b34c56517ef27b5a82e0c9e0a644687ce701b349bda2a301e420c,0xA4D8c89f0c20efbe54cBa9e7e7a7E509056228D9,0x4c7c260c1853f1f0d4a84677591439fc2ef623b73d1f04a30cd722c7a218b539,49419312
