blockNum,uniqueId,hash,from_address,to,value,asset,category
0x2f6996b,0x11808a7e61a75e1b8a847acaa21d7247d4a84b9bd827449f5e3cadf18fb7d0ef:log:164,0x11808a7e61a75e1b8a847acaa21d7247d4a84b9bd827449f5e3cadf18fb7d0ef,0x643770e279d5d0733f21d6dc03a8efbabf3255b4,0x6bc825a870804cbcb3327fd1bae051259ae4e98e,6.3E-7,WBTC,erc20
0x2f96611,0x82d10fd93eff0d415ca0ed087daaddea3b884e51d1be801d883bb5a327f1e11b:log:394,0x82d10fd93eff0d415ca0ed087daaddea3b884e51d1be801d883bb5a327f1e11b,0x643770e279d5d0733f21d6dc03a8efbabf3255b4,0x6bc825a870804cbcb3327fd1bae051259ae4e98e,4E-7,WBTC,erc20
0x2fa0348,0x79c4a8607681983d47f8c85053067ac7cf40edb7b4cf69c52900de436852db28:log:337,0x79c4a8607681983d47f8c85053067ac7cf40edb7b4cf69c52900de436852db28,0x643770e279d5d0733f21d6dc03a8efbabf3255b4,0x6bc825a870804cbcb3327fd1bae051259ae4e98e,4.3E-7,WBTC,erc20
0x2faac82,0x140842bf85a2fb71b0737701a233d027971dad2cf6a796e0337363340f657136:log:285,0x140842bf85a2fb71b0737701a233d027971dad2cf6a796e0337363340f657136,0x643770e279d5d0733f21d6dc03a8efbabf3255b4,0x6bc825a870804cbcb3327fd1bae051259ae4e98e,0.00000156,WBTC,erc20
0x2facad8,0xe7370721065d02b9c2f5ee149c1d1b523227b57eb0ef91e8daddf4688e92f183:log:355,0xe7370721065d02b9c2f5ee149c1d1b523227b57eb0ef91e8daddf4688e92f183,0x643770e279d5d0733f21d6dc03a8efbabf3255b4,0x6bc825a870804cbcb3327fd1bae051259ae4e98e,8.3E-7,WBTC,erc20
0x2fb33c4,0xdb88b06609c66aca049eb39a65713fa8a3ceb1bb31dc15afa18af5561392dfdf:log:342,0xdb88b06609c66aca049eb39a65713fa8a3ceb1bb31dc15afa18af5561392dfdf,0x643770e279d5d0733f21d6dc03a8efbabf3255b4,0x6bc825a870804cbcb3327fd1bae051259ae4e98e,4.9E-7,WBTC,erc20
0x2fb3814,0x74170f3458256d2e03c464ba8fbd2ff4b548645014826ab4a9310bd85ad2f395:log:387,0x74170f3458256d2e03c464ba8fbd2ff4b548645014826ab4a9310bd85ad2f395,0x643770e279d5d0733f21d6dc03a8efbabf3255b4,0x6bc825a870804cbcb3327fd1bae051259ae4e98e,0.00000392,WBTC,erc20
0x2fb3d5c,0x77ed82cd7205e41f3310c2e56f23b38cda7b3e329622ae12e9c520933f72b20e:log:721,0x77ed82cd7205e41f3310c2e56f23b38cda7b3e329622ae12e9c520933f72b20e,0x643770e279d5d0733f21d6dc03a8efbabf3255b4,0x6bc825a870804cbcb3327fd1bae051259ae4e98e,0.00000192,WBTC,erc20
0x2fbc72f,0xa49c17d66f9ced4767566f634f52d6fdc93b47449c66720fffab89c5baf9b546:log:192,0xa49c17d66f9ced4767566f634f52d6fdc93b47449c66720fffab89c5baf9b546,0x643770e279d5d0733f21d6dc03a8efbabf3255b4,0x6bc825a870804cbcb3327fd1bae051259ae4e98e,1.4E-7,WBTC,erc20
0x2fbd314,0x44c0980d86fd2b2adc41ef0ecc72f7eff18e0b59bd4cbc1aef7c112aa29d8b67:log:5569,0x44c0980d86fd2b2adc41ef0ecc72f7eff18e0b59bd4cbc1aef7c112aa29d8b67,0x643770e279d5d0733f21d6dc03a8efbabf3255b4,0x6bc825a870804cbcb3327fd1bae051259ae4e98e,5.3E-7,WBTC,erc20
0x2fc6c25,0x36c98d8ecde5c18133c89e66109ae1945896d4c39e25cadd48ed05d3b4e59606:log:2218,0x36c98d8ecde5c18133c89e66109ae1945896d4c39e25cadd48ed05d3b4e59606,0x643770e279d5d0733f21d6dc03a8efbabf3255b4,0x6bc825a870804cbcb3327fd1bae051259ae4e98e,2.7E-7,WBTC,erc20
0x2fc7035,0x17b4d4bcf0b74799c6099b3ac8cf9150b2ba46ebb73fd10cabf6f00b463270cc:log:249,0x17b4d4bcf0b74799c6099b3ac8cf9150b2ba46ebb73fd10cabf6f00b463270cc,0x643770e279d5d0733f21d6dc03a8efbabf3255b4,0x6bc825a870804cbcb3327fd1bae051259ae4e98e,2E-7,WBTC,erc20
0x2fd272a,0x31e0d9a026e5af5d80aa895a166a3d008311c6317215caedb1fb064317cb4cd9:log:178,0x31e0d9a026e5af5d80aa895a166a3d008311c6317215caedb1fb064317cb4cd9,0x643770e279d5d0733f21d6dc03a8efbabf3255b4,0x6bc825a870804cbcb3327fd1bae051259ae4e98e,0.00000526,WBTC,erc20
0x2fd3044,0x05cc0f2c10da8159736b0166d1b18c5f1d19dac2e3551859ef3f4eedc44cac47:log:187,0x05cc0f2c10da8159736b0166d1b18c5f1d19dac2e3551859ef3f4eedc44cac47,0x643770e279d5d0733f21d6dc03a8efbabf3255b4,0x6bc825a870804cbcb3327fd1bae051259ae4e98e,0.00002056,WBTC,erc20
0x2fea0f9,0x213c3a14513bec0b81bcbb57095aa11c75bf5c061c2cdf0ecbdd5a8a2589656f:log:508,0x213c3a14513bec0b81bcbb57095aa11c75bf5c061c2cdf0ecbdd5a8a2589656f,0x643770e279d5d0733f21d6dc03a8efbabf3255b4,0x6bc825a870804cbcb3327fd1bae051259ae4e98e,2.6E-7,WBTC,erc20
0x2feee68,0x3fdb92de52be0329552cca27d607503d4e510ee484abe102b649bbc116427131:log:486,0x3fdb92de52be0329552cca27d607503d4e510ee484abe102b649bbc116427131,0x643770e279d5d0733f21d6dc03a8efbabf3255b4,0x6bc825a870804cbcb3327fd1bae051259ae4e98e,0.00000178,WBTC,erc20
0x2ff0044,0x33e6983f4f605f8f0394f45e78cab34dcc45a16b62cb7befb857134e582528d6:log:156,0x33e6983f4f605f8f0394f45e78cab34dcc45a16b62cb7befb857134e582528d6,0x643770e279d5d0733f21d6dc03a8efbabf3255b4,0x6bc825a870804cbcb3327fd1bae051259ae4e98e,0.00001329,WBTC,erc20
0x300cb25,0xb63929399ffeb825dd71ccea393ca68d21ff2c433445631f2c8cf092bf3bea0a:log:884,0xb63929399ffeb825dd71ccea393ca68d21ff2c433445631f2c8cf092bf3bea0a,0x643770e279d5d0733f21d6dc03a8efbabf3255b4,0x6bc825a870804cbcb3327fd1bae051259ae4e98e,0.00000428,WBTC,erc20
0x301c174,0x363b5ffd1a439d96dc97dfdf01f70eff5ad3ede8e3b76c7a28dc2c26be9efdb4:log:326,0x363b5ffd1a439d96dc97dfdf01f70eff5ad3ede8e3b76c7a28dc2c26be9efdb4,0x643770e279d5d0733f21d6dc03a8efbabf3255b4,0x6bc825a870804cbcb3327fd1bae051259ae4e98e,0.00006357,WBTC,erc20
0x3021df0,0x06316f2bcbfaa529e5decfc492b7b6dfa31f1da6cbd2cc2426e6acb776075c63:log:528,0x06316f2bcbfaa529e5decfc492b7b6dfa31f1da6cbd2cc2426e6acb776075c63,0x643770e279d5d0733f21d6dc03a8efbabf3255b4,0x6bc825a870804cbcb3327fd1bae051259ae4e98e,3.6E-7,WBTC,erc20
0x3021e89,0xdf3882cfd1f136b2f80960093b6670334a630af6b26027efcdff6b47b6154407:log:300,0xdf3882cfd1f136b2f80960093b6670334a630af6b26027efcdff6b47b6154407,0x643770e279d5d0733f21d6dc03a8efbabf3255b4,0x6bc825a870804cbcb3327fd1bae051259ae4e98e,2.8E-7,WBTC,erc20
0x30223e1,0xf038a82910e362f9b3923a302fa1e78c0d4e74908e6aebb02d3875c4622e9a75:log:997,0xf038a82910e362f9b3923a302fa1e78c0d4e74908e6aebb02d3875c4622e9a75,0x643770e279d5d0733f21d6dc03a8efbabf3255b4,0x6bc825a870804cbcb3327fd1bae051259ae4e98e,0.00002012,WBTC,erc20
0x3027f8a,0xde6af9c0b869e9c9c83cb991f2f7e9b7bc7d04897c4977bba46d6813593204c5:log:58,0xde6af9c0b869e9c9c83cb991f2f7e9b7bc7d04897c4977bba46d6813593204c5,0x643770e279d5d0733f21d6dc03a8efbabf3255b4,0x6bc825a870804cbcb3327fd1bae051259ae4e98e,0.00002004,WBTC,erc20
0x302801b,0x03a0e595d225b3522f99869988b7fd128041f08de78367f78844353908516b2a:log:490,0x03a0e595d225b3522f99869988b7fd128041f08de78367f78844353908516b2a,0x643770e279d5d0733f21d6dc03a8efbabf3255b4,0x6bc825a870804cbcb3327fd1bae051259ae4e98e,4E-8,WBTC,erc20
0x303ef25,0xb75392d6133eebc35dd22029af03de73860b912f9af1180d0e0a5a0cd96158db:log:494,0xb75392d6133eebc35dd22029af03de73860b912f9af1180d0e0a5a0cd96158db,0x643770e279d5d0733f21d6dc03a8efbabf3255b4,0x6bc825a870804cbcb3327fd1bae051259ae4e98e,0.00000206,WBTC,erc20
0x30413d0,0x2f93e07ab0041ebd969b9754320667754dce85d49ac8293053fa2b8b86fca875:log:436,0x2f93e07ab0041ebd969b9754320667754dce85d49ac8293053fa2b8b86fca875,0x643770e279d5d0733f21d6dc03a8efbabf3255b4,0x6bc825a870804cbcb3327fd1bae051259ae4e98e,0.00002494,WBTC,erc20
